target,model,held_out_country,pr_auc_base,roc_auc_base,f1_base,recall_base,precision_base,balanced_accuracy_base,false_alarm_rate_base,missed_event_rate_base,pr_auc_local,roc_auc_local,f1_local,recall_local,precision_local,balanced_accuracy_local,false_alarm_rate_local,missed_event_rate_local,pr_auc_delta,roc_auc_delta,f1_delta,recall_delta,precision_delta,balanced_accuracy_delta,false_alarm_rate_delta,missed_event_rate_delta,test_observations,train_observations,test_event_rate,train_event_rate,event_rate_gap_abs,AQI_smd,AQI_wasserstein_norm,AQI_ks,PM25_ug_m3_smd,PM25_ug_m3_wasserstein_norm,PM25_ug_m3_ks,PM10_ug_m3_smd,PM10_ug_m3_wasserstein_norm,PM10_ug_m3_ks,CO_mg_m3_smd,CO_mg_m3_wasserstein_norm,CO_mg_m3_ks,NO2_ug_m3_smd,NO2_ug_m3_wasserstein_norm,NO2_ug_m3_ks,O3_ug_m3_smd,O3_ug_m3_wasserstein_norm,O3_ug_m3_ks,Wind_Speed_km_h_smd,Wind_Speed_km_h_wasserstein_norm,Wind_Speed_km_h_ks,Humidity_pct_smd,Humidity_pct_wasserstein_norm,Humidity_pct_ks,Deforestation_Rate_pct_smd,Deforestation_Rate_pct_wasserstein_norm,Deforestation_Rate_pct_ks,smd_mean_abs,smd_max_abs,wasserstein_mean_norm,wasserstein_max_norm,ks_mean,ks_max,aqi_smd_abs,aqi_wasserstein_norm,aqi_ks,experiment
extreme_abs_151_h1,xgboost,Australia,0.0001537042729787,0.3767963211343169,0.0,0.0,0.0,0.5,0.0,1.0,0.0003096934035305,0.6907453535159992,0.0,0.0,0.0,0.5,0.0,1.0,0.0001559891305518,0.3139490323816823,0.0,0.0,0.0,0.0,0.0,0.0,10439,319176,9.579461634256155e-05,0.13609732561345464,0.13600153099711207,-0.8652654018585999,0.867468382412472,0.7186976927918157,-0.639972875341749,0.6399733697798777,0.748030502173233,-0.6431052200390206,0.6431052200390206,0.6997387279092979,-0.6097798648478342,0.6097798648478341,0.608403711474856,-0.7652505652862079,0.7654830676197898,0.603306210409613,-0.3837470989691641,0.4507874728247125,0.2540227730240987,1.0798719967686412,1.0800336589778123,0.37730855583263884,-0.31629126840438526,0.3292608453507572,0.15054463016239422,-0.7256917768867495,0.726019380830838,0.8262606691683139,0.6698862298224836,1.0798719967686412,0.6791012514092348,1.0800336589778123,0.5540348303273624,0.8262606691683139,0.8652654018585999,0.867468382412472,0.7186976927918157,XGBoost h=1
extreme_abs_151_h1,xgboost,Bangladesh,0.9612604717100018,0.9175917106796352,0.8714606111578357,0.832708277524779,0.9139958835636578,0.8303753027835535,0.1719576719576719,0.167291722475221,0.9626909994191571,0.9220734230333302,0.8841207526736158,0.8747656040717922,0.8936781609195402,0.8231852711716985,0.228395061728395,0.1252343959282078,0.0014305277091553,0.0044817123536949,0.01266014151578,0.0420573265470131,-0.0203177226441175,-0.007190031611855,0.0564373897707231,-0.0420573265470132,10868,318747,0.686970923813029,0.11286067006120842,0.5741102537518206,1.6698938741593452,1.6703130525164067,0.6410482624975788,1.837455454564356,1.8375120664730018,0.5995308026015684,1.5722155261848,1.5727856979021901,0.5754955712276673,1.6434276774037826,1.6434276774037822,0.5195140329906923,0.9637697917530668,0.9668076157721779,0.3821117903607101,0.7856827501537545,0.7856827501537542,0.2498380583313643,-0.7457765201606945,0.7462819944760912,0.33701675293373246,0.6010863858991192,0.6020051672063172,0.222782612773404,-0.3788295605018955,0.5110836388796732,0.36912999635249405,1.1331263934200904,1.837455454564356,1.1484332956425995,1.8375120664730018,0.43294087556324573,0.6410482624975788,1.6698938741593452,1.6703130525164067,0.6410482624975788,XGBoost h=1
extreme_abs_151_h1,xgboost,Brazil,0.306085510065472,0.8249836155766186,0.0608424336973478,0.0343612334801762,0.2653061224489796,0.5124043917268208,0.0095524500265345,0.9656387665198238,0.3706115152420787,0.8925172085150687,0.1359773371104816,0.0845814977973568,0.3465703971119133,0.5342861495708878,0.0160091986555811,0.9154185022026432,0.0645260051766066,0.06753359293845,0.0751349034131338,0.0502202643171805,0.0812642746629336,0.0218817578440669,0.0064567486290465,-0.0502202643171806,12441,317174,0.09123060847198779,0.13338104636571724,0.04215043789372945,-0.1448810184482742,0.18659487838220587,0.0905572045772911,-0.16726287540007115,0.17285385761370567,0.11381366578655217,-0.19649705090250413,0.21113258635916118,0.14206281783471553,0.03640713125571377,0.14554137894248426,0.1511252136232703,-0.3939402746167506,0.3976837034178531,0.17458845788188782,-0.1666355908465226,0.19962705768774772,0.07092930389780616,-0.14048714868983547,0.262306273118648,0.12073020726358619,0.7952016938030351,0.7952016938030354,0.3700672584880166,0.6128156609830515,0.6144439849697925,0.24571262200689145,0.2949031605495287,0.7952016938030351,0.3317094904771815,0.7952016938030354,0.16439852792889081,0.3700672584880166,0.1448810184482742,0.18659487838220587,0.0905572045772911,XGBoost h=1
extreme_abs_151_h1,xgboost,China,0.645131707714394,0.9402884425469472,0.5486196110431116,0.8873735151781786,0.3970472440944882,0.8655729148878755,0.1562276854024278,0.1126264848218213,0.6773791153435851,0.9494423445887504,0.53675,0.9445666520017598,0.3748908678191025,0.8809847439341656,0.1825971641334285,0.0554333479982402,0.032247407629191,0.0091539020418032,-0.0118696110431116,0.0571931368235811,-0.0221563762753856,0.0154118290462901,0.0263694787310007,-0.0571931368235811,21879,307736,0.10388957447780978,0.13377375412691397,0.029884179649104198,-0.04583454202336624,0.11389394775842952,0.05361084477638167,0.5878855766961637,0.6504672763721121,0.47372025950092866,0.4840830671116014,0.5480325754166874,0.4357309235944705,0.351264111547406,0.4370158351481006,0.33385538338523246,0.006523313164716611,0.1455400145263985,0.0767933502462258,-0.5553462197629935,0.5553527388515225,0.2725319181146865,-0.48121077549177144,0.5120527124906595,0.26385112627732354,-0.3485345240007049,0.39301437143028223,0.2076224702236073,-0.167554728132249,0.39230724949184226,0.2551568265541587,0.3364707619923303,0.5878855766961637,0.4164085246095594,0.6504672763721121,0.26365256696366834,0.47372025950092866,0.04583454202336624,0.11389394775842952,0.05361084477638167,XGBoost h=1
extreme_abs_151_h1,xgboost,Egypt,0.42391247301328,0.6418539949890522,0.4313978494623656,0.3986486486486486,0.4700093720712277,0.5876316519956655,0.2233853446573178,0.6013513513513513,0.4448778760417857,0.6647096347547138,0.4253383625471489,0.3809618441971383,0.481416373681567,0.5885156840973841,0.2039304760023701,0.6190381558028617,0.0209654030285056,0.0228556397656616,-0.0060594869152166,-0.0176868044515102,0.0114070016103392,0.0008840321017186,-0.0194548686549476,0.0176868044515103,15158,314457,0.33196991687557725,0.12214070604247958,0.2098292108330977,0.6096796490317581,0.7875847756175106,0.47629750619531563,0.2675078519259814,0.4803959544720296,0.44634824535208073,1.005794675283376,1.0175973228083959,0.577673066977811,0.20342570826861386,0.3065103393722842,0.2722523900289094,1.4486718244662988,1.4486718244662988,0.5283743687306198,0.8975402294212409,0.9129270442100474,0.4221362479232694,0.7809165881136684,0.784060096855544,0.32143717523006565,-1.1102032040025596,1.1102462280033434,0.48195442746139033,-0.6629858185997947,0.6750047847085268,0.6174039693821413,0.7763028387903658,1.4486718244662988,0.8358887078348868,1.4486718244662988,0.4604308219201781,0.6174039693821413,0.6096796490317581,0.7875847756175106,0.47629750619531563,XGBoost h=1
extreme_abs_151_h1,xgboost,Ethiopia,0.5063698624906222,0.915239085104454,0.3209219858156028,0.2185990338164251,0.6033333333333334,0.6029188198572742,0.0127613941018766,0.7814009661835749,0.5250602574426408,0.9327474064576292,0.3838862559241706,0.2934782608695652,0.5547945205479452,0.6362833663597156,0.020911528150134,0.7065217391304348,0.0186903949520186,0.0175083213531752,0.0629642701085678,0.0748792270531401,-0.0485388127853881,0.0333645465024413,0.0081501340482574,-0.0748792270531401,10153,319462,0.08155225056633507,0.13338675648433929,0.05183450591800422,-0.05142662778759979,0.2158106875002421,0.09626554362832371,-0.17277111425906566,0.22018460785269303,0.08678419818672256,0.1594583161379393,0.18452428308242663,0.20839040919235607,0.23345024827651936,0.36804465302985306,0.31608070646238773,-0.16714990236828767,0.16843589856344968,0.06858868620755976,0.2687690241740183,0.30332660670290507,0.1362061532853519,-0.4233895086798661,0.43116637538219865,0.1868501453279594,-0.442285776512458,0.4662117435529247,0.2736278625481344,0.9363730372379931,0.9819444792697343,0.5756386551650526,0.31723039504819417,0.9363730372379931,0.3710721483262697,0.9819444792697343,0.216492484444872,0.5756386551650526,0.05142662778759979,0.2158106875002421,0.09626554362832371,XGBoost h=1
extreme_abs_151_h1,xgboost,France,,,0.0,0.0,0.0,1.0,0.0,0.0,,,0.0,0.0,0.0,1.0,0.0,0.0,,,0.0,0.0,0.0,0.0,0.0,0.0,11583,318032,0.0,0.1365900286763596,0.1365900286763596,-0.45561112402917303,0.45795166253470976,0.25090153207659205,-0.5058378355935036,0.5110029593057357,0.46987740033303577,-0.5646617841043879,0.5664117271569357,0.5296787434077602,-0.4837965369689726,0.498653324488295,0.4100500097202735,-0.4587856475499541,0.4632935949101367,0.2764514495629603,-0.03510402249859347,0.24235165106636417,0.11585323815539642,0.48093098442387505,0.48131263608372604,0.21112593219907372,-0.0577955506845464,0.34103610558045383,0.15974031186860926,-0.7209303597635441,0.721448363472929,0.771514606496621,0.4181615384018389,0.7209303597635441,0.47594022495547617,0.721448363472929,0.3550214693133691,0.771514606496621,0.45561112402917303,0.45795166253470976,0.25090153207659205,XGBoost h=1
extreme_abs_151_h1,xgboost,Germany,,,0.0,0.0,0.0,1.0,0.0,0.0,,,0.0,0.0,0.0,1.0,0.0,0.0,,,0.0,0.0,0.0,0.0,0.0,0.0,10439,319176,0.0,0.13610045868110385,0.13610045868110385,-0.613731347191068,0.613731347191068,0.4093842586440908,-0.5137799471014151,0.5137863531358491,0.4296278671002489,-0.5675815657265216,0.5675837353963384,0.4673264392111056,-0.5912572741443748,0.5912578897207035,0.4696230636354366,-0.531525570045324,0.5315511247178182,0.30188059595925254,-0.0066038428396528156,0.24417406787802956,0.11266708692691901,0.5675318788549407,0.5735063623422487,0.2746033793868527,0.04925678264432978,0.14345889610333662,0.06079958118181715,0.060418066768627564,0.5071559305227938,0.42484084016342083,0.38907625281291713,0.613731347191068,0.47624507855646514,0.613731347191068,0.3278614569121271,0.4696230636354366,0.613731347191068,0.613731347191068,0.4093842586440908,XGBoost h=1
extreme_abs_151_h1,xgboost,India,0.9098797592433672,0.9475241524901462,0.8167849514228622,0.8002970564407237,0.8339665118896862,0.854913536270657,0.0904699838994096,0.1997029435592762,0.9181979073372356,0.9520300423437884,0.822824064502791,0.8061031596003241,0.840253342716397,0.8595416511027765,0.0870198573947711,0.1938968403996759,0.0083181480938684,0.0045058898536421,0.0060391130799287,0.0058061031596003,0.0062868308267107,0.0046281148321194,-0.0034501265046385,-0.0058061031596003,20449,309166,0.3621692992322363,0.11655227288899814,0.24561702634323815,0.9480073015562,0.9918171267492735,0.2698553460021409,0.7796479257376153,0.8117366920889788,0.4324706590512016,0.6672655276199945,0.6945799470598107,0.39381787745773433,0.48250109486945786,0.5242724049514503,0.3184166706287509,0.13820754569703517,0.1978224521717196,0.10856930277888599,-0.7142941593550447,0.7143006482905274,0.3565885509533905,-0.01940759188040835,0.1355845476703944,0.07621508150350265,-0.15012607263204727,0.17395142257281515,0.08033690819637529,0.7756378924034122,0.8082018531474967,0.4442860917634987,0.5194550124168017,0.9480073015562,0.5613630105224963,0.9918171267492735,0.27561738759283116,0.4442860917634987,0.9480073015562,0.9918171267492735,0.2698553460021409,XGBoost h=1
extreme_abs_151_h1,xgboost,Indonesia,0.2098567506433415,0.6838444827147635,0.1525704809286898,0.1173469387755102,0.2180094786729857,0.5308816553402563,0.0555836280949974,0.8826530612244898,0.3012676002605891,0.7469552215782725,0.175152749490835,0.1096938775510204,0.4343434343434343,0.5454145655230258,0.0188647465049688,0.8903061224489796,0.0914108496172475,0.063110738863509,0.0225822685621452,-0.0076530612244897,0.2163339556704486,0.0145329101827694,-0.0367188815900286,0.0076530612244897,13442,316173,0.11664930813866985,0.13243382578525048,0.015784517646580634,0.0897687463342933,0.15204717378723753,0.1457503638426875,-0.054174656791452495,0.11919283510545775,0.1142850961408079,-0.2616926771568357,0.2875675440985964,0.17732104784271419,-0.09384927223945232,0.3694754451349967,0.34068999795493055,-0.38789408167624356,0.4137167508698049,0.2225372037433586,-0.42691666122766353,0.4405180788452718,0.24971889547945436,-0.4485165426249819,0.4489166036155492,0.18913514288669458,1.2002169544457033,1.2002169544457026,0.5722267522406095,0.011013036055672486,0.2218799624504056,0.3226240064774665,0.3304491809502554,1.2002169544457033,0.40594792759478027,1.2002169544457026,0.25936538962319156,0.5722267522406095,0.0897687463342933,0.15204717378723753,0.1457503638426875,XGBoost h=1
extreme_abs_151_h1,xgboost,Japan,,,0.0,0.0,0.0,1.0,0.0,0.0,,,0.0,0.0,0.0,1.0,0.0,0.0,,,0.0,0.0,0.0,0.0,0.0,0.0,22594,307021,0.0,0.14148869295585645,0.14148869295585645,-0.6065335442198944,0.6067544195942602,0.3628952482902357,-0.5091910054513198,0.5092776072550557,0.37337053470840387,-0.5574276498678078,0.557464808382155,0.4037687769595112,-0.5157007850368218,0.5157527668988451,0.32298003035210676,-0.592887806844177,0.5928968191959225,0.31438858818835586,-0.42650937331218003,0.4324320314479603,0.1904777346076068,-0.6566693180075994,0.665811670831578,0.34730490335897946,0.18401757418433035,0.3099480741936761,0.1640285068530545,-0.6835256092852351,0.6993720557369478,0.6311540805418043,0.5258291851343739,0.6835256092852351,0.5433011392818222,0.6993720557369478,0.34559648931778425,0.6311540805418043,0.6065335442198944,0.6067544195942602,0.3628952482902357,XGBoost h=1
extreme_abs_151_h1,xgboost,Mexico,0.5926322972669542,0.8890100458625605,0.5963574756459128,0.5837479270315091,0.6095238095238096,0.7720550146670992,0.0396378976973105,0.4162520729684908,0.6296423695269641,0.9230134701776754,0.6086214255228339,0.5912106135986733,0.6270888302550571,0.776972858214348,0.0372648971699771,0.4087893864013267,0.0370100722600098,0.0340034243151149,0.0122639498769211,0.0074626865671642,0.0175650207312475,0.0049178435472487,-0.0023730005273333,-0.007462686567164,12584,317031,0.09583598219961856,0.1332172563566339,0.03738127415701534,0.03191414052367641,0.2685142395052534,0.16234051961078655,-0.11893388917429408,0.2298109642005258,0.13769559673114848,-0.13164606681093308,0.2762094035675098,0.19865758754305932,0.467525025774394,0.512757621409657,0.4105113681168546,0.16957024115417063,0.2689060515868888,0.20385954513768512,0.9666623777616152,0.969570794643738,0.39716567006209025,-0.31833973913015606,0.3564780246067707,0.17378136379551068,-0.16528572393782473,0.23807933072393514,0.11725498739584117,0.014201936506460072,0.36434257976368906,0.3994590362686069,0.2648976823081694,0.9666623777616152,0.38718544555644085,0.969570794643738,0.24452507496239814,0.4105113681168546,0.03191414052367641,0.2685142395052534,0.16234051961078655,XGBoost h=1
extreme_abs_151_h1,xgboost,Nigeria,0.8860236767727272,0.9212135888180676,0.8013629480060576,0.7896045759761253,0.8134768127081732,0.8367943198605726,0.11601593625498,0.2103954240238746,0.8941150990082146,0.9267399538875092,0.8084354085111757,0.7960706291967172,0.8211903540277066,0.8424974659927809,0.1110756972111553,0.2039293708032827,0.0080914222354874,0.0055263650694415,0.0070724605051181,0.0064660532205919,0.0077135413195333,0.0057031461322082,-0.0049402390438246,-0.0064660532205919,10296,319319,0.39054001554001555,0.12344708582953097,0.2670929297104846,0.6852514479663895,0.6874535770145697,0.37106671628615207,0.5491454437556502,0.549338193302647,0.3393390395741493,0.8729730778897326,0.8729730778897323,0.3760096138622785,0.7673082007284566,0.7673082007284568,0.3216159928542374,0.3412536133634875,0.3461200234969673,0.134516302227901,0.4195195408707416,0.44470896934932086,0.1404323210749543,-0.8585746306089307,0.8592555423000917,0.4126424341941583,-0.03400318747101684,0.30124719597082955,0.11919511174997069,-0.027146126345792887,0.6007519335703855,0.45104699375859253,0.5061305854444664,0.8729730778897326,0.603239634847,0.8729730778897323,0.2962071695091549,0.45104699375859253,0.6852514479663895,0.6874535770145697,0.37106671628615207,XGBoost h=1
extreme_abs_151_h1,xgboost,Pakistan,0.9741075934702252,0.8961048982387687,0.865247397356416,0.7980364656381487,0.9448205390215864,0.7925093570794294,0.2130177514792899,0.2019635343618513,0.976860154858156,0.9060630140169464,0.893740077114992,0.8502535332829863,0.9419146647543922,0.8053042814343925,0.2396449704142011,0.1497464667170137,0.0027525613879307,0.0099581157781777,0.028492679758576,0.0522170676448375,-0.0029058742671941,0.0127949243549631,0.0266272189349112,-0.0522170676448376,11297,318318,0.8204833141542003,0.10734862621655074,0.7131346879376496,1.7262039575856007,1.7262039575856003,0.7351419776784,1.8625039708128175,1.8625352444981245,0.7000583207891543,1.5502529934257945,1.5508239335686795,0.6770130196210923,1.9738233500036697,1.9738233500036693,0.6692809220872273,1.7096632045800326,1.7127051227015955,0.6023356072317143,1.3638678671145832,1.3638678671145832,0.3975337615175208,-0.6206341702247453,0.6213084650447818,0.2740745044303678,-0.24039194928607177,0.3130702434586398,0.17167332309438832,-0.13171155081643796,0.5771224555719414,0.43240363648770624,1.2421170015388616,1.9738233500036697,1.3001622932830683,1.9738233500036693,0.5177238969930635,0.7351419776784,1.7262039575856007,1.7262039575856003,0.7351419776784,XGBoost h=1
extreme_abs_151_h1,xgboost,Philippines,0.0508581025820805,0.8995179667570987,0.0310880829015544,0.0211267605633802,0.0588235294117647,0.5093731402499504,0.0023804800634794,0.9788732394366196,0.0664000025992027,0.9104752997253508,0.0134228187919463,0.0070422535211267,0.1428571428571428,0.5033723467565959,0.0002975600079349,0.9929577464788732,0.0155419000171222,0.010957332968252,-0.0176652641096081,-0.0140845070422535,0.0840336134453781,-0.0060007934933544,-0.0020829200555445,0.0140845070422536,20306,309309,0.006993006993006993,0.1399829943519264,0.1329899873589194,-0.41998812927114737,0.4200553006896511,0.18843174237677174,-0.4092609495598272,0.40928561904567895,0.22114603114192888,-0.41379342897399746,0.4138039028213188,0.22407265918820685,-0.33057909229304855,0.33058915689219215,0.15031219748845892,-0.09712403207071316,0.16181857865019172,0.05339061321558247,-0.24319556355190708,0.24341893628833422,0.10971338702775868,0.161064328067404,0.20930496442899174,0.11730491123353148,0.6475054725262125,0.6482851628242744,0.34755713314444336,1.4712248804933363,1.52389103892253,0.7148517419951852,0.46597065297862156,1.4712248804933363,0.48449474006257365,1.52389103892253,0.23630893520131865,0.7148517419951852,0.41998812927114737,0.4200553006896511,0.18843174237677174,XGBoost h=1
extreme_abs_151_h1,xgboost,Russia,0.790890852305308,0.955695366528849,0.7169642857142857,0.652315190901706,0.7958374628344896,0.8166037507240187,0.0191076894536684,0.3476848090982941,0.8298457867627407,0.962801619209894,0.7592425608656447,0.6839967506092608,0.8530901722391084,0.8352735816862277,0.0134495872368054,0.3160032493907392,0.0389549344574327,0.007106252681045,0.0422782751513589,0.0316815597075548,0.0572527094046187,0.0186698309622089,-0.0056581022168629,-0.0316815597075548,12012,317603,0.10248085248085248,0.13289861871581818,0.0304177662349657,-0.06831932895084837,0.12436042904617048,0.05468492186186924,-0.07990692444926484,0.12167263687778314,0.09422297648321964,-0.150301551942382,0.1748824316448522,0.1256503139663877,0.17840483033323015,0.18633541315938884,0.21830761914057728,0.09458288513873746,0.16069859491770352,0.13152632299413025,0.45161087379302045,0.4656408710420832,0.1980184006298369,-0.37057740819389373,0.38133933258303526,0.1692077245881839,0.6094574443028395,0.6201049453776291,0.2853756254251527,0.11052770552399832,0.14824543789489295,0.20100831931088575,0.23485432806980164,0.6094574443028395,0.2648088991715043,0.6201049453776291,0.16422246937780483,0.2853756254251527,0.06831932895084837,0.12436042904617048,0.05468492186186924,XGBoost h=1
extreme_abs_151_h1,xgboost,Saudi Arabia,0.0247883192109361,0.6252481376560697,0.0,0.0,0.0,0.498961284230406,0.0020774315391879,1.0,0.0268027853762846,0.6670590704018466,0.0,0.0,0.0,0.4999055712936733,0.0001888574126534,1.0,0.0020144661653484,0.0418109327457769,0.0,0.0,0.0,0.0009442870632673,-0.0018885741265345,0.0,10725,318890,0.012587412587412588,0.13579917840007527,0.12321176581266269,-0.05007666733491962,0.3466506779519628,0.20145442001944244,-0.20765492039262262,0.36661636503613576,0.23662830443099503,0.2520812582505004,0.39900873033974116,0.5459500141114491,-0.3447642524239647,0.4311647362955836,0.2919029550419685,-0.16512997576475796,0.33288940672455164,0.16767871888948122,0.31341970236798494,0.3938505804440197,0.240535816948373,0.3829173002399888,0.38576477078286214,0.1924191204908694,-1.919094502630042,1.9191369285393354,0.6870820659161466,-0.733457322922068,0.7334577199468777,0.9731255291793408,0.4853995447029833,1.919094502630042,0.5898377684512299,1.9191369285393354,0.3929752161142296,0.9731255291793408,0.05007666733491962,0.3466506779519628,0.20145442001944244,XGBoost h=1
extreme_abs_151_h1,xgboost,South Africa,0.0968581608067342,0.9309243294430164,0.0,0.0,0.0,0.5,0.0,1.0,0.1203574469173285,0.9383201333120166,0.0,0.0,0.0,0.5,0.0,1.0,0.0234992861105942,0.0073958038690001,0.0,0.0,0.0,0.0,0.0,0.0,10725,318890,0.005687645687645688,0.13603123334065037,0.1303435876530047,-0.30738847527773994,0.31757291443792307,0.20315929212790196,-0.40418423672170706,0.4086453976253894,0.2645928062968421,-0.4789187094448259,0.48020560176124455,0.33593903853993534,-0.4875267616787563,0.501280641801146,0.41218163002916364,-0.6266873310446044,0.6266873313445237,0.43166839139933316,-0.614457041235957,0.6189842249609026,0.36166724157755553,0.4553444354019928,0.4553677674109087,0.18545015522594,-0.4452122784424107,0.45539057646224257,0.20897885373221692,-0.7263688283913778,0.7266923841308469,0.8274809495437299,0.5051208997377079,0.7263688283913778,0.5100918711039031,0.7266923841308469,0.35901315094140207,0.8274809495437299,0.30738847527773994,0.31757291443792307,0.20315929212790196,XGBoost h=1
extreme_abs_151_h1,xgboost,South Korea,0.0607239127022417,0.8164896048226705,0.0,0.0,0.0,0.4999598522563032,8.029548739360848e-05,1.0,0.0931839314313362,0.8965343232325728,0.0,0.0,0.0,0.5,0.0,1.0,0.0324600187290945,0.0800447184099022,0.0,0.0,0.0,4.014774369681673e-05,-8.029548739360848e-05,0.0,12584,317031,0.010330578512396695,0.13661124621882403,0.12628066770642735,-0.12072896368974718,0.31919708692443016,0.14805015483143175,-0.2657975605606703,0.3405024025631223,0.17616487748115262,-0.29332620091693884,0.3437023152550896,0.17627416561787335,-0.40171715977270805,0.4489132316611905,0.3112873461471075,0.03686740633686797,0.29635023949797495,0.21740962527037075,-0.7236241496296648,0.7257921832815871,0.453624014686261,-0.1927312569431296,0.2598245321099713,0.13451269176143088,-0.3822924367232723,0.44000161205388083,0.28276565153794825,-0.736439380640543,0.7364496144739355,0.9281347522367328,0.35039161280150466,0.736439380640543,0.4345259130912425,0.7364496144739355,0.31424703106336765,0.9281347522367328,0.12072896368974718,0.31919708692443016,0.14805015483143175,XGBoost h=1
extreme_abs_151_h1,xgboost,Thailand,0.0423447333827065,0.9262348786295284,0.0,0.0,0.0,0.499541564792176,0.0009168704156479,1.0,0.0590434933433061,0.9517574348402768,0.0,0.0,0.0,0.4998471882640586,0.0003056234718826,1.0,0.0166987599605996,0.0255225562107483,0.0,0.0,0.0,0.0003056234718826,-0.0006112469437653,0.0,9867,319748,0.005168744299179082,0.13569748677083204,0.13052874247165297,-0.052951741149162596,0.48081061511722617,0.3588198441780148,-0.21128887398976334,0.40793408232858697,0.33715681533990627,-0.319044146571983,0.4382163916241645,0.26765257894214883,-0.2993938340498132,0.3385390763299555,0.18828310084046262,0.1796024962895109,0.4417065683609863,0.3699110513297338,0.0062493476186677764,0.2484697710013426,0.11602456681013107,0.5520840781399028,0.5577286503753882,0.2669869732559318,0.05451177129409716,0.14093910281560393,0.060517177204584854,0.06964665935787044,0.5135544590741054,0.4240902210490761,0.19386366094008567,0.5520840781399028,0.39643319078081773,0.5577286503753882,0.26549359210555445,0.4240902210490761,0.052951741149162596,0.48081061511722617,0.3588198441780148,XGBoost h=1
extreme_abs_151_h1,xgboost,Turkey,0.239874394770868,0.8292526231143968,0.1031518624641833,0.0589198036006546,0.4137931034482758,0.5269024852924545,0.0051148330157456,0.9410801963993454,0.2925069958904552,0.867696844580872,0.1117647058823529,0.0621931260229132,0.5507246376811594,0.5295420549380437,0.0031090161468257,0.9378068739770868,0.0526326011195872,0.0384442214664751,0.0086128434181696,0.0032733224222585,0.1369315342328836,0.0026395696455892,-0.0020058168689199,-0.0032733224222585,10582,319033,0.05773955773955774,0.13424630053944261,0.07650674279988487,0.01093510915851176,0.32342076457401936,0.20402993979865341,-0.1630492271056214,0.3007284227157349,0.18055177042178383,-0.21434775034753592,0.3327989928803657,0.1811864586405151,-0.25576465992049174,0.28668838051716095,0.13526288604728764,0.3474480795097529,0.381813079486544,0.2608989614816598,0.39728314018983485,0.46725718035388575,0.2753563746392074,0.5758028427829489,0.5907318193915583,0.2566931778047869,-0.05545205245082534,0.1410812381619761,0.07616123080040604,0.42152229808735164,0.6558567493539693,0.43547168423905314,0.27128946217254163,0.5758028427829489,0.3867085141594683,0.6558567493539693,0.22284583154148369,0.43547168423905314,0.01093510915851176,0.32342076457401936,0.20402993979865341,XGBoost h=1
extreme_abs_151_h1,xgboost,United Kingdom,0.0004604051565377,0.7920099635945583,0.0,0.0,0.0,0.5,0.0,1.0,0.0008613264427217,0.8888675991569267,0.0,0.0,0.0,0.5,0.0,1.0,0.000400921286184,0.0968576355623683,0.0,0.0,0.0,0.0,0.0,0.0,10439,319176,9.579461634256155e-05,0.13609732561345464,0.13600153099711207,-0.4811519494216682,0.5084645342288525,0.35305346197966614,-0.4545816960332385,0.45764431637173886,0.37454162791104895,-0.5187960279980215,0.5187982259757697,0.4153883750657944,-0.5350298145909167,0.5350305692204249,0.38912189470077235,-0.392040420665228,0.40554123831205735,0.22856058975148674,-0.006603842839652498,0.24417406787802956,0.11266708692691901,0.5675318788549404,0.5735063623422487,0.2746033793868527,0.04925678264432978,0.14345889610333662,0.06079958118181715,0.06041806676862741,0.5071559305227938,0.42484084016342083,0.3406011644240692,0.5675318788549404,0.4326415712172502,0.5735063623422487,0.2926196485630864,0.42484084016342083,0.4811519494216682,0.5084645342288525,0.35305346197966614,XGBoost h=1
extreme_abs_151_h1,xgboost,United States,0.0318017454256293,0.9598789433187996,0.0,0.0,0.0,0.5,0.0,1.0,0.0408788587989063,0.9387760964349832,0.0,0.0,0.0,0.5,0.0,1.0,0.0090771133732769,-0.0211028468838164,0.0,0.0,0.0,0.0,0.0,0.0,27885,301730,0.0012551551013089475,0.14385377655519835,0.1425986214538894,-0.6227018394085749,0.622701839408575,0.3750694924227552,-0.5265153257982157,0.5265221022289532,0.3962137995677915,-0.5657078824267392,0.5658801385732443,0.4298950411600794,-0.5448446442829534,0.5448975376752586,0.37366154322042033,-0.5247651558508403,0.5257569268563308,0.29226885643218126,-0.11049289374431338,0.24915177089260357,0.08687406893750316,0.21566474522695103,0.37461931957745803,0.21280963537616834,0.17512392948725047,0.41658123582364237,0.20425418547912172,-0.739189239213227,0.739189239213227,0.653114050853752,0.4472228506043405,0.739189239213227,0.507255567805477,0.739189239213227,0.3360178526055303,0.653114050853752,0.6227018394085749,0.622701839408575,0.3750694924227552,XGBoost h=1
extreme_abs_151_h1,xgboost,Vietnam,0.3519898955785218,0.8285185017739146,0.2311926605504587,0.1503579952267303,0.5,0.5688978410829564,0.0125623130608175,0.8496420047732697,0.4330136460211443,0.8616604839419689,0.2875816993464052,0.1837708830548926,0.6609442060085837,0.5879472560837773,0.0078763708873379,0.8162291169451074,0.0810237504426225,0.0331419821680543,0.0563890387959465,0.0334128878281622,0.1609442060085837,0.0190494150008209,-0.0046859421734796,-0.0334128878281623,10868,318747,0.0771071034228929,0.13365459125889811,0.05654748783600522,-0.06278536321442754,0.22245540496120134,0.09759848307344235,-0.19509051374407657,0.2391097154120901,0.09580581398248045,-0.2742524913637708,0.2936562969187984,0.13246712910239156,-0.19775434200908049,0.19983505253231246,0.07837828153759296,0.44824715858990927,0.4483082118294023,0.21518208716267795,0.1198822704913751,0.26558840733477546,0.15128633615210085,0.17026201943153083,0.21408418494060227,0.12143420792567211,0.7967202642095762,0.8001906550856721,0.4554110560875454,2.2974727464398175,2.300935621613178,0.7222101822052237,0.506940796610396,2.2974727464398175,0.5537959500697814,2.300935621613178,0.22997484191434747,0.7222101822052237,0.06278536321442754,0.22245540496120134,0.09759848307344235,XGBoost h=1
extreme_abs_151_h3,xgboost,Australia,0.0007117437722419,0.8635833657209484,0.0,0.0,0.0,0.5,0.0,1.0,0.0005662514156285,0.8285075787019044,0.0,0.0,0.0,0.5,0.0,1.0,-0.0001454923566134,-0.035075787019044,0.0,0.0,0.0,0.0,0.0,0.0,10293,314712,9.71534052268532e-05,0.13572409059711738,0.13562693719189053,-0.8650698653465448,0.8672758101081911,0.7178733450404927,-0.6394716341015887,0.6394721363391235,0.7472109747133017,-0.6426049524089761,0.642604952408976,0.6994694779867446,-0.6094436027527751,0.609443602752775,0.6083101157588047,-0.7649629711119877,0.765219450461419,0.6021819644975689,-0.38163739095443844,0.44972658077268746,0.2529999596064695,1.0802339730180759,1.0804026867759258,0.3777873277137575,-0.31430751024085135,0.32717154937831794,0.14893277506688435,-0.7253953345620757,0.7257222779265833,0.8262175428406472,0.6692363593885904,1.0802339730180759,0.6785598941026666,1.0804026867759258,0.5534426092471857,0.8262175428406472,0.8650698653465448,0.8672758101081911,0.7178733450404927,XGBoost h=3
extreme_abs_151_h3,xgboost,Bangladesh,0.942985729183728,0.880075303938859,0.863506334286882,0.8646842177056336,0.862331655557067,0.782859095558873,0.2989660265878877,0.1353157822943664,0.951306421729062,0.900205638144163,0.876285868976719,0.8830991679170646,0.8695768972464741,0.7981227006498174,0.2868537666174298,0.1169008320829354,0.0083206925453339,0.0201303342053039,0.012779534689837,0.0184149502114309,0.0072452416894071,0.0152636050909443,-0.0121122599704578,-0.0184149502114309,10716,314289,0.6841172079134005,0.11258427752800766,0.5715329303853928,1.6704670215061994,1.6708880476630117,0.6399709888200451,1.837885321537442,1.8379428264582325,0.5984564407783584,1.5710574861564077,1.5716279414849343,0.5742988225218794,1.6437379447625726,1.643737944762573,0.5189366859968474,0.964924815107487,0.9679331599057205,0.380859612783474,0.7801258456898892,0.7801258456898892,0.2476420461824359,-0.7413521587945013,0.7418540346113888,0.3342834729215869,0.5997002464749056,0.6006052479704596,0.22161512928680627,-0.37899291797593065,0.5110090189770512,0.3692303982372242,1.1320270842228148,1.837885321537442,1.1473026741692511,1.8379428264582325,0.4316992886142953,0.6399709888200451,1.6704670215061994,1.6708880476630117,0.6399709888200451,XGBoost h=3
extreme_abs_151_h3,xgboost,Brazil,0.0749348617677429,0.4244223898717987,0.0,0.0,0.0,0.4901634926338483,0.0196730147323032,1.0,0.3460429097512201,0.8378020422926485,0.0751633986928104,0.0405286343612334,0.5168539325842697,0.518332948154386,0.0038627380524613,0.9594713656387666,0.2711080479834772,0.4133796524208498,0.0751633986928104,0.0405286343612334,0.5168539325842697,0.0281694555205377,-0.0158102766798419,-0.0405286343612334,12267,312738,0.0925246596559876,0.13295474166874507,0.04043008201275747,-0.14498858791029012,0.18638015798944924,0.09213907745332417,-0.16641488871710158,0.1719124066697611,0.1148185955369494,-0.19580115425770858,0.21036897724897066,0.14250075877843627,0.03660814473190117,0.1440206845651619,0.15012650962727936,-0.39347016608428353,0.39721116753673685,0.1746946858605819,-0.16793209498589273,0.20055590273012608,0.07113258404468126,-0.14647273093142435,0.2634824775858697,0.12209217322156407,0.7942906207162852,0.7942906207162855,0.3693154557856553,0.6179774271037314,0.6195878213133759,0.24548347656585665,0.29599509060429097,0.7942906207162852,0.3319789129284152,0.7942906207162855,0.16470036854159206,0.3693154557856553,0.14498858791029012,0.18638015798944924,0.09213907745332417,XGBoost h=3
extreme_abs_151_h3,xgboost,China,0.4937565605405867,0.8788848795780211,0.4687310261080752,0.6970654627539503,0.3530756917447976,0.7754621662359482,0.1461411302820539,0.3029345372460497,0.6150107489381027,0.9298201617287384,0.4995654872749844,0.908352144469526,0.3445205479452055,0.8553022216303616,0.1977477012088025,0.091647855530474,0.121254188397516,0.0509352821507173,0.0308344611669091,0.2112866817155756,-0.0085551437995921,0.0798400553944134,0.0516065709267486,-0.2112866817155756,21573,303432,0.10267463959579104,0.1334730681009254,0.030798428505134368,-0.045500213996292074,0.1129820687963567,0.053249065979314336,0.5891869589400575,0.6512005657998715,0.47343027572845514,0.4847409199221828,0.5482740377687833,0.4351016743185625,0.3523823279643701,0.43726787213465357,0.3333984705168946,0.007281370033759993,0.14377054268445777,0.07609205590011059,-0.5554426068822965,0.5554492184243176,0.272635925190117,-0.47742103882205594,0.5090250674979188,0.2620341162030122,-0.3446250438522813,0.3889575423093761,0.20508269923663702,-0.1663988005044341,0.39272013096860525,0.25619197427184637,0.33588658676863664,0.5891869589400575,0.415516338487149,0.6512005657998715,0.2630240285938833,0.47343027572845514,0.045500213996292074,0.1129820687963567,0.053249065979314336,XGBoost h=3
extreme_abs_151_h3,xgboost,Egypt,0.369589844670378,0.5796900385547575,0.1990311418685121,0.1447845348368908,0.3182824258521469,0.4952379588012109,0.1543086172344689,0.8552154651631091,0.4042492923142619,0.6238116284925873,0.2296663540131314,0.1725734997986306,0.34321185422507,0.5041224212420007,0.1643286573146292,0.8274265002013693,0.0346594476438839,0.0441215899378297,0.0306352121446193,0.0277889649617397,0.0249294283729231,0.0088844624407897,0.0100200400801603,-0.0277889649617397,14946,310059,0.33226281279272046,0.12174779638713923,0.21051501640558123,0.6068712723630983,0.7851376588213956,0.47524646404789544,0.2635465386505708,0.47850859351893854,0.4451715732495709,1.0043747154467517,1.0160445944110195,0.5775212471734685,0.1988589625420235,0.3044667439578708,0.2710862637403094,1.4410204276461929,1.441020427646193,0.5276701141541716,0.9009409335433294,0.9161036329188467,0.42242721059722843,0.7809490245840658,0.7841765211854783,0.32144935044924805,-1.109567522963588,1.109611109816536,0.48176299617230484,-0.6627591675235477,0.6747588379829969,0.6174663531779436,0.7743209516959075,1.4410204276461929,0.8344253466954751,1.441020427646193,0.45997795252912677,0.6174663531779436,0.6068712723630983,0.7851376588213956,0.47524646404789544,XGBoost h=3
extreme_abs_151_h3,xgboost,Ethiopia,0.3795076843843467,0.856039538327334,0.3318623124448367,0.2358845671267252,0.5595238095238095,0.6099110267802066,0.0160625135663121,0.7641154328732748,0.4182210648368007,0.9020899678330312,0.3788187372708758,0.3500627352572145,0.4127218934911242,0.6534880639602765,0.0430866073366616,0.6499372647427855,0.038713380452454,0.0460504295056971,0.046956424826039,0.1141781681304892,-0.1468019160326853,0.0435770371800698,0.0270240937703495,-0.1141781681304893,10011,314994,0.07961242633103587,0.13307555064540913,0.053463124314373264,-0.05096421747810541,0.21417037125004154,0.09523745008512124,-0.17180367351879883,0.21828384736012912,0.0859236576560769,0.16159446670571279,0.1853348999306373,0.20754752583259578,0.23401437131297134,0.3670234116914077,0.31552110046898274,-0.16684396364484674,0.16774775610153356,0.06778456857707194,0.2658846893985109,0.29994527024399187,0.13451121402983135,-0.41939734049423266,0.42729655459790833,0.18487264725006602,-0.4390127878198255,0.46263230693894464,0.2720050021967778,0.9349546532792009,0.9808029675226155,0.5754734697830597,0.31605224040580054,0.9349546532792009,0.3692485984041344,0.9808029675226155,0.21543073731995369,0.5754734697830597,0.05096421747810541,0.21417037125004154,0.09523745008512124,XGBoost h=3
extreme_abs_151_h3,xgboost,France,,,0.0,0.0,0.0,1.0,0.0,0.0,,,0.0,0.0,0.0,1.0,0.0,0.0,,,0.0,0.0,0.0,0.0,0.0,0.0,11421,313584,0.0,0.13621549568855554,0.13621549568855554,-0.45602322373192383,0.4583620217945968,0.2505507808095525,-0.5055548421006263,0.5106893142363605,0.4701135860421198,-0.5642539182659244,0.5660220589929296,0.5292929958633565,-0.4834644233785301,0.49836637290641705,0.41071087180688853,-0.45910205575334234,0.4635186062978588,0.276198032905433,-0.03202357355892066,0.24119501873038177,0.11646648008622257,0.48043566218594985,0.4808184766719639,0.21065602206965717,-0.05954103742512837,0.3424002727974646,0.1605260708690731,-0.7206394048469524,0.7211529209869135,0.7715533640857212,0.41789312680525537,0.7206394048469524,0.4758361181572096,0.7211529209869135,0.35511868939311386,0.7715533640857212,0.45602322373192383,0.4583620217945968,0.2505507808095525,XGBoost h=3
extreme_abs_151_h3,xgboost,Germany,,,0.0,0.0,0.0,1.0,0.0,0.0,,,0.0,0.0,0.0,1.0,0.0,0.0,,,0.0,0.0,0.0,0.0,0.0,0.0,10293,314712,0.0,0.13572726810544244,0.13572726810544244,-0.6132041972119622,0.6132041972119621,0.408967041664882,-0.5132347838059848,0.5132411579535053,0.4293643381537441,-0.5670878870981969,0.5670900667202373,0.466890406780263,-0.5909793843955545,0.5909800097858208,0.46966511151574286,-0.5309523610338762,0.5309780771455216,0.30147920412209017,-0.006291080826908529,0.24451296127993938,0.11240283353651975,0.5660322282495024,0.5721244408272688,0.27391980386851633,0.05026780362202178,0.14423345300969195,0.06142062653847989,0.05972685812621534,0.5068522633544825,0.42476931289559977,0.3886418427078025,0.6132041972119622,0.4759129585876033,0.6132041972119621,0.327653186563982,0.46966511151574286,0.6132041972119622,0.6132041972119621,0.408967041664882,XGBoost h=3
extreme_abs_151_h3,xgboost,India,0.8761384187579817,0.9281174464739876,0.7748616825081572,0.7506871907641561,0.8006449721489299,0.8225772416923132,0.1055327073795297,0.2493128092358438,0.8987588815351613,0.9421931364493488,0.790885703785373,0.7394172622319956,0.8500553009954179,0.8328885799015957,0.0736401024288042,0.2605827377680044,0.0226204627771795,0.0140756899753611,0.0160240212772158,-0.0112699285321605,0.0494103288464879,0.0103113382092825,-0.0318926049507255,0.0112699285321605,20163,304842,0.3608589991568715,0.11625366583344815,0.24460533332342332,0.9436690342467543,0.9884263148280076,0.26869390966857853,0.7775986446861183,0.8097866098544594,0.43158484989335066,0.664297209492718,0.691978968370167,0.3930180178630195,0.4806909508040581,0.5228695079957423,0.31700599411741576,0.1357225776763488,0.1957787495788848,0.1068412466152936,-0.7179613167512561,0.7179678977126017,0.35880795384407094,-0.0088459917284002,0.1350603055262588,0.0727098660257477,-0.15167488076678376,0.1751321323723657,0.08280570703071538,0.7761855011407863,0.8089908417175901,0.4446535940227755,0.5174051230325803,0.9436690342467543,0.5606657031062309,0.9884263148280076,0.2751245710089964,0.4446535940227755,0.9436690342467543,0.9884263148280076,0.26869390966857853,XGBoost h=3
extreme_abs_151_h3,xgboost,Indonesia,0.0829533559023834,0.3452464269123703,0.0,0.0,0.0,0.4589252096525757,0.0821495806948485,1.0,0.1821976939527264,0.6347349064989678,0.0490143846563665,0.0293367346938775,0.1488673139158576,0.5034155862413423,0.0225055622111928,0.9706632653061223,0.099244338050343,0.2894884795865975,0.0490143846563665,0.0293367346938775,0.1488673139158576,0.0444903765887665,-0.0596440184836557,-0.0293367346938776,13254,311751,0.11830390825411197,0.13198674583241113,0.013682837578299162,0.08741312357426521,0.1530938665797819,0.14564091896308134,-0.05661477269150122,0.12090464983767137,0.11406890673864992,-0.2626746051603164,0.288339676697648,0.1792604258567786,-0.0927799386330904,0.36933944708226774,0.3411182901902684,-0.388306033149788,0.4142410332288424,0.22307983519580576,-0.42729438871637243,0.4408437418916998,0.24985935652273494,-0.448505789187124,0.4489067051941851,0.18877971829263357,1.1989461718982641,1.1989461718982641,0.5721579353735459,0.010438934889878319,0.22198708680535145,0.3226673264949516,0.3303304175445111,1.1989461718982641,0.4062891532461902,1.1989461718982641,0.25962585706982777,0.5721579353735459,0.08741312357426521,0.1530938665797819,0.14564091896308134,XGBoost h=3
extreme_abs_151_h3,xgboost,Japan,,,0.0,0.0,0.0,1.0,0.0,0.0,,,0.0,0.0,0.0,1.0,0.0,0.0,,,0.0,0.0,0.0,0.0,0.0,0.0,22278,302727,0.0,0.14110072771837331,0.14110072771837331,-0.6059883750680514,0.6062076931721727,0.36226469326313265,-0.5085572952527032,0.5086429262876534,0.3729046846026162,-0.5568887577924693,0.5569250746116386,0.40301844001737286,-0.5149842277480171,0.5150363082593425,0.3222360640511924,-0.592371653595357,0.5923807551094759,0.31367278610426996,-0.4260304651679412,0.43194782867291603,0.19054323624414404,-0.6581300744272378,0.6671497528891577,0.3473983306093601,0.18546599853813867,0.3086267085283816,0.16389956226174118,-0.6833052131205872,0.6991117663562253,0.6312127612324644,0.5257468956345003,0.6833052131205872,0.5428920904318848,0.6991117663562253,0.3452389509318104,0.6312127612324644,0.6059883750680514,0.6062076931721727,0.36226469326313265,XGBoost h=3
extreme_abs_151_h3,xgboost,Mexico,0.4836552431353927,0.7934259283056693,0.5064039408866995,0.4363327674023769,0.6032863849765259,0.703117407743931,0.0300979519145146,0.5636672325976231,0.5647643485518264,0.8959046983356186,0.5349056603773585,0.4813242784380305,0.6019108280254777,0.7239657901540109,0.0333926981300089,0.5186757215619694,0.0811091054164337,0.1024787700299493,0.028501719490659,0.0449915110356535,-0.0013755569510481,0.0208483824100798,0.0032947462154942,-0.0449915110356536,12408,312597,0.09493874919406835,0.13287715493110938,0.037938405737041034,0.03361517561035619,0.2678876608715771,0.16186841059080717,-0.11733003544566263,0.22838952428192177,0.13719174295571385,-0.13041539093665852,0.27503923527005686,0.19811879483517406,0.46996213204224035,0.5145089259080364,0.41036545892518594,0.17159056837890835,0.2684993615576426,0.20332354291773286,0.9726149092539598,0.9754137056159328,0.39810166560663207,-0.31684952167823105,0.3553318662773344,0.17289811424352064,-0.17067359216094388,0.24302902378809374,0.12092915449953423,0.013626555613730988,0.3640195570531197,0.39925359895561147,0.2662975423467435,0.9726149092539598,0.38801320673596845,0.9754137056159328,0.24467227594776805,0.41036545892518594,0.03361517561035619,0.2678876608715771,0.16186841059080717,XGBoost h=3
extreme_abs_151_h3,xgboost,Nigeria,0.8595231305146096,0.8858696584965255,0.7659002285867957,0.723209751142712,0.8139468419548442,0.8092231568716457,0.1047634373994206,0.276790248857288,0.8843703267686996,0.9126873687309396,0.7993799250742798,0.7856780091416963,0.8135682356034709,0.8357904046352189,0.1140971998712584,0.2143219908583037,0.02484719625409,0.026817710234414,0.033479696487484,0.0624682579989842,-0.0003786063513733,0.0265672477635732,0.0093337624718378,-0.0624682579989842,10152,314853,0.3879038613081166,0.12315906153030144,0.2647447997778152,0.6838059220923591,0.6859523327501756,0.3695950085348471,0.5474180556859481,0.547606309441071,0.33800804572998266,0.8702987884214096,0.8702987884214091,0.37466854020412343,0.7654702965210812,0.7654702965210812,0.321136283351984,0.3394730350471158,0.3447699972387205,0.13361054382697812,0.41288100673622935,0.4408980517090596,0.13876321295616967,-0.8600593038237213,0.8607312786858414,0.4136824256963655,-0.03338924835708263,0.3046652713811791,0.12015413189294336,-0.027689113674380275,0.6003813327488011,0.45103310116149437,0.5044983078177031,0.8702987884214096,0.6023081843219266,0.8702987884214091,0.29562792148387645,0.45103310116149437,0.6838059220923591,0.6859523327501756,0.3695950085348471,XGBoost h=3
extreme_abs_151_h3,xgboost,Pakistan,0.965007152300184,0.8672637197406547,0.8074993729621269,0.7053346478256107,0.944273353864203,0.7581399607287258,0.1890547263681592,0.2946653521743893,0.9688713117622846,0.8798297372813878,0.8315544105017789,0.7424690546609706,0.944932385333891,0.7729758208628236,0.1965174129353233,0.2575309453390295,0.0038641594621006,0.012566017540733,0.0240550375396519,0.0371344068353598,0.000659031469688,0.0148358601340977,0.007462686567164,-0.0371344068353597,11139,313866,0.8195529221653649,0.10700744903876176,0.7125454731266031,1.722953427176886,1.7229534271768863,0.7349116655200837,1.8550449414567602,1.855076708461962,0.6997761360225725,1.5416022567153151,1.542173480851563,0.6764283104932226,1.9654616273186067,1.9654616273186067,0.6690521481109369,1.7026958966301706,1.7057082958014484,0.6015324043389636,1.3482013919329703,1.3482013919329703,0.39373692248090714,-0.6144214496797541,0.615097779228745,0.2704201268831406,-0.23851655896482699,0.3104101474918738,0.16955086936640784,-0.13189839713369705,0.5769359795247232,0.43265311077282276,1.2356439941121096,1.9654616273186067,1.2935576486431977,1.9654616273186067,0.5164512993321175,0.7349116655200837,1.722953427176886,1.7229534271768863,0.7349116655200837,XGBoost h=3
extreme_abs_151_h3,xgboost,Philippines,0.034039539320621,0.8769901661520879,0.0098039215686274,0.0072463768115942,0.0151515151515151,0.5019887084218905,0.0032689599678133,0.9927536231884058,0.0497557408069582,0.9065392683360592,0.0,0.0,0.0,0.499899416616375,0.00020116676725,1.0,0.0157162014863372,0.0295491021839713,-0.0098039215686274,-0.0072463768115942,-0.0151515151515151,-0.0020892918055154,-0.0030677932005633,0.0072463768115942,20022,304983,0.0068924183398261915,0.13960450254604356,0.13271208420621738,-0.4190624252024975,0.41912924164482024,0.18790784136525174,-0.40850415400327034,0.408528569077271,0.22092092595509716,-0.41312499231970523,0.4131354147385059,0.22404340431258396,-0.3295638421737074,0.3295739582442824,0.14946439175806292,-0.09488831234003564,0.16106361382796094,0.053892267280840844,-0.24273584912239893,0.24296118815687687,0.10985906718513472,0.16036201905944558,0.2085779199693569,0.11709620573171642,0.6462717805041274,0.6470678789428785,0.34706520007834196,1.4692401397028523,1.5222221623100716,0.7147610120776531,0.46486150160311557,1.4692401397028523,0.4835844385457805,1.5222221623100716,0.2361122573049647,0.7147610120776531,0.4190624252024975,0.41912924164482024,0.18790784136525174,XGBoost h=3
extreme_abs_151_h3,xgboost,Russia,0.7194396536189839,0.9249765207027651,0.6462018730489074,0.5119538334707338,0.8758815232722144,0.7518380774916457,0.0082776784874423,0.4880461665292663,0.7822014502178402,0.9536088170334808,0.6513089005235602,0.5127782357790602,0.8923959827833573,0.7528616980795404,0.0070548396199793,0.4872217642209398,0.0627617965988562,0.0286322963307156,0.0051070274746527,0.0008244023083264,0.0165144595111429,0.0010236205878947,-0.001222838867463,-0.0008244023083264,11844,313161,0.10241472475515029,0.1325260808338203,0.03011135607867002,-0.06812381184352415,0.12388567716569206,0.05477435081696147,-0.07871951624493652,0.12258314299760306,0.09425655234999308,-0.14877220414356873,0.1740927957431804,0.12516606778104855,0.1807265612599846,0.1870222824190687,0.21797433117089776,0.09549475010283301,0.15958390065117511,0.1307112148763887,0.4495572511625036,0.4633209126839291,0.19603521298416254,-0.37730019597503456,0.3878182484139476,0.172501410730309,0.6001009876030362,0.6111192909252559,0.28188425366474357,0.11144989162578768,0.1487129226904142,0.20029127722374965,0.23447168555124545,0.6001009876030362,0.2642376859655851,0.6111192909252559,0.16373274128869494,0.28188425366474357,0.06812381184352415,0.12388567716569206,0.05477435081696147,XGBoost h=3
extreme_abs_151_h3,xgboost,Saudi Arabia,0.0138372723251911,0.5170453164690864,0.0,0.0,0.0,0.4998084474667177,0.0003831050665645,1.0,0.0181822701394581,0.5675487136675592,0.0,0.0,0.0,0.5,0.0,1.0,0.004344997814267,0.0505033971984728,0.0,0.0,0.0,0.0001915525332822,-0.0003831050665645,0.0,10575,314430,0.012671394799054374,0.13542282861050153,0.12275143381144715,-0.04766474031861018,0.34660888467655215,0.20168537777353732,-0.20569637068482788,0.3663107895332022,0.23810090216158342,0.25613915792374703,0.39775636872914616,0.547020534512186,-0.3441805348976376,0.43049915943496286,0.2913543024944609,-0.16247418721689993,0.33165320984650815,0.1684989769848085,0.31685635977970567,0.3963961393458155,0.2414803506874874,0.38112021665894463,0.3842339054913915,0.1916424429390749,-1.9169859041680808,1.9170288851051338,0.6871335432369685,-0.7331523871687414,0.7331527790153067,0.9731450561333206,0.4849188732019105,1.9169859041680808,0.5892933467975577,1.9170288851051338,0.3933401652137142,0.9731450561333206,0.04766474031861018,0.34660888467655215,0.20168537777353732,XGBoost h=3
extreme_abs_151_h3,xgboost,South Africa,0.0166592002571833,0.8306800924294538,0.0,0.0,0.0,0.5,0.0,1.0,0.0420644860467548,0.923755055710263,0.0,0.0,0.0,0.5,0.0,1.0,0.0254052857895714,0.0930749632808091,0.0,0.0,0.0,0.0,0.0,0.0,10575,314430,0.005768321513002364,0.1356549947524091,0.12988667323940675,-0.30543245689635357,0.3167414788808604,0.2025328371974684,-0.4027373045618769,0.40733995839471465,0.26317187715336743,-0.4779067439858835,0.47928805205856967,0.334538052984766,-0.4865896430864846,0.5004322645213501,0.4108666475845181,-0.6258131211112569,0.6258131229908913,0.43040295137232454,-0.6130717118305126,0.6178360002095433,0.3609447783820458,0.4542843551681043,0.45430801746704835,0.1850489245088997,-0.4430763073696768,0.4532389465499724,0.20750903751762445,-0.7260714732230363,0.7263944356594287,0.8274445822599624,0.5038870130259094,0.7260714732230363,0.5090435863035977,0.7263944356594287,0.35805107655121965,0.8274445822599624,0.30543245689635357,0.3167414788808604,0.2025328371974684,XGBoost h=3
extreme_abs_151_h3,xgboost,South Korea,0.0244346023346427,0.7017170752849772,0.0,0.0,0.0,0.4999592867030372,8.14265939255761e-05,1.0,0.0524454066273345,0.8621922219009326,0.0,0.0,0.0,0.4999592867030372,8.14265939255761e-05,1.0,0.0280108042926917,0.1604751466159554,0.0,0.0,0.0,0.0,0.0,0.0,12408,312597,0.010235332043842683,0.13623931131776695,0.12600397927392426,-0.11783457571171223,0.31800675792888056,0.14782549678398005,-0.2637389517924721,0.33927422091878157,0.1750238180614192,-0.2912633144497089,0.3418698027377286,0.17485118073895312,-0.4005605351240504,0.44782451623351893,0.3098140155477558,0.03949038026454192,0.2952909328482086,0.21657353920979294,-0.7234099252162663,0.7256250295323418,0.4536600566456899,-0.1956316034527731,0.26105105414786994,0.13540818748042427,-0.37872311265279307,0.4365074669285999,0.28141795695706956,-0.7361345377747377,0.7361446352786969,0.9282324584630749,0.34964299293767287,0.7361345377747377,0.43351049072829184,0.7361446352786969,0.3136451899875733,0.9282324584630749,0.11783457571171223,0.31800675792888056,0.14782549678398005,XGBoost h=3
extreme_abs_151_h3,xgboost,Thailand,0.0419938221929304,0.9302035341931773,0.0,0.0,0.0,0.4989667286629469,0.0020665426741062,1.0,0.0525012273762282,0.9491326598835442,0.0,0.0,0.0,0.4995350278983261,0.0009299442033477,1.0,0.0105074051832977,0.0189291256903669,0.0,0.0,0.0,0.0005682992353792,-0.0011365984707584,0.0,9729,315276,0.005242059821153253,0.1353227013791091,0.13008064155795585,-0.05163578533508741,0.4803204494668824,0.35874842397119355,-0.21031145716550917,0.40719765715084366,0.3368669292017613,-0.31836503599772664,0.43762019675603075,0.2677426780970012,-0.29873230023318165,0.33792056459777253,0.18755119737737036,0.1820600167581456,0.4417808973201342,0.3704538797476,0.0060978635336569826,0.24840900302799032,0.11642341074606632,0.5511431390316608,0.5568473731358426,0.26702901768517157,0.053281046379156614,0.14240902963884872,0.06082138107287087,0.06879831105075766,0.5131103819930677,0.4240157829964856,0.1933805506094314,0.5511431390316608,0.3961795058986014,0.5568473731358426,0.265516966766169,0.4240157829964856,0.05163578533508741,0.4803204494668824,0.35874842397119355,XGBoost h=3
extreme_abs_151_h3,xgboost,Turkey,0.1967338424137143,0.7912542370008814,0.0802292263610315,0.0466666666666666,0.2857142857142857,0.5197742525930446,0.0071181614805775,0.9533333333333334,0.2602479389762805,0.8445574876279575,0.1054216867469879,0.0583333333333333,0.546875,0.5276921903599756,0.0029489526133821,0.9416666666666668,0.0635140965625662,0.053303250627076,0.0251924603859564,0.0116666666666667,0.2611607142857143,0.007917937766931,-0.0041692088671954,-0.0116666666666666,10434,314571,0.05750431282346176,0.1338807455232682,0.07637643269980644,0.012063495563333809,0.3234021267545555,0.2043432037471539,-0.16201735850351043,0.300104994645529,0.18065422776124015,-0.21360211808903945,0.3321490263571031,0.1808923040362048,-0.2550137448894114,0.2858723198874069,0.13481981939023435,0.34983211015248417,0.38298291158648723,0.260593900212619,0.40095494811721166,0.4700280277343633,0.2764684155435369,0.5738205251171843,0.5886850961982588,0.2559397281256576,-0.05596985685812447,0.14170971775498345,0.0767395613090226,0.421369295938972,0.6559874829773455,0.43544090549059217,0.27162705035880796,0.5738205251171843,0.3867690782106703,0.6559874829773455,0.22287689617958462,0.43544090549059217,0.012063495563333809,0.3234021267545555,0.2043432037471539,XGBoost h=3
extreme_abs_151_h3,xgboost,United Kingdom,0.0010869565217391,0.9107073455110768,0.0,0.0,0.0,0.5,0.0,1.0,0.0011337868480725,0.9143995336183444,0.0,0.0,0.0,0.5,0.0,1.0,4.683032633339985e-05,0.0036921881072675,0.0,0.0,0.0,0.0,0.0,0.0,10293,314712,9.71534052268532e-05,0.13572409059711738,0.13562693719189053,-0.48045736542864925,0.5078252851182229,0.3525353208343214,-0.4539403347197363,0.45697984190070434,0.3741513876396494,-0.518264310448323,0.5182665180708301,0.41509349535317697,-0.5345478105167139,0.5345485734122621,0.38861984534152905,-0.39118899525797024,0.4048823800533894,0.2281170660228774,-0.006291080826908211,0.24451296127993938,0.11240283353651975,0.5660322282495021,0.5721244408272688,0.27391980386851633,0.05026780362202178,0.14423345300969195,0.06142062653847989,0.05972685812621504,0.5068522633544825,0.42476931289559977,0.3400796430217822,0.5660322282495021,0.4322473018918658,0.5721244408272688,0.29233663244785224,0.42476931289559977,0.48045736542864925,0.5078252851182229,0.3525353208343214,XGBoost h=3
extreme_abs_151_h3,xgboost,United States,0.0049875486793985,0.8454780980126938,0.0,0.0,0.0,0.5,0.0,1.0,0.0171443953030203,0.9077749453750912,0.0,0.0,0.0,0.5,0.0,1.0,0.0121568466236217,0.0622968473623973,0.0,0.0,0.0,0.0,0.0,0.0,27495,297510,0.0012729587197672304,0.14345736277772175,0.14218440405795452,-0.620706152050588,0.620706152050588,0.37349013909465656,-0.5252499184709338,0.5252566611710598,0.39481275785601694,-0.5645770921542357,0.5647483485742169,0.4285740018219599,-0.5436435789637653,0.5436965727352419,0.3725454606567846,-0.5231400797070184,0.5241679469169231,0.29101439382774463,-0.10519569893797522,0.2487222248176218,0.0853612332789504,0.21218614984953557,0.3713339475973767,0.21105819326047218,0.17583189585139125,0.4163035435606423,0.2042937578482602,-0.738918825812555,0.738918825812555,0.6532383742326265,0.4454943768664443,0.738918825812555,0.5059838025818029,0.738918825812555,0.33493203465305244,0.6532383742326265,0.620706152050588,0.620706152050588,0.37349013909465656,XGBoost h=3
extreme_abs_151_h3,xgboost,Vietnam,0.3570102831231346,0.8189487794805261,0.0651162790697674,0.0341047503045067,0.717948717948718,0.5164965388713034,0.0011116725618999,0.9658952496954932,0.439564785731255,0.8690467940168357,0.2648221343873518,0.1632155907429963,0.7015706806282722,0.5787275528247574,0.0057604850934815,0.8367844092570037,0.0825545026081204,0.0500980145363095,0.1997058553175844,0.1291108404384895,-0.0163780373204457,0.0622310139534539,0.0046488125315816,-0.1291108404384895,10716,314289,0.07661440836132885,0.13329769734225505,0.0566832889809262,-0.06556130746043046,0.22102521863327715,0.09682753436285846,-0.19677720062767493,0.23898894231294834,0.09620574660499359,-0.2758384617538161,0.29433693481990947,0.1330296319629386,-0.19942717923279257,0.20142114891877066,0.07882570701354152,0.4445449216474285,0.4446069967946876,0.21335081975339154,0.1212377785680843,0.2661151973286566,0.1515701857375319,0.1675270147480266,0.21265192068719632,0.12064223156327292,0.7949163352260777,0.798480301358524,0.45466814736888994,2.2937987285004233,2.2973070236377096,0.7218870044349058,0.506625436418306,2.2937987285004233,0.5527704093879644,2.2973070236377096,0.2296674454224805,0.7218870044349058,0.06556130746043046,0.22102521863327715,0.09682753436285846,XGBoost h=3
extreme_abs_151_h1,random_forest,Australia,0.00027616680475,0.6556332630772179,0.0,0.0,0.0,0.4999520981030849,9.580379383023568e-05,1.0,9.579461634256155e-05,0.307721785782717,0.0,0.0,0.0,0.4999520981030849,9.580379383023568e-05,1.0,-0.0001803721884074,-0.3479114772945009,0.0,0.0,0.0,0.0,0.0,0.0,10439,319176,9.579461634256155e-05,0.13609732561345464,0.13600153099711207,-0.8652654018585999,0.867468382412472,0.7186976927918157,-0.639972875341749,0.6399733697798777,0.748030502173233,-0.6431052200390206,0.6431052200390206,0.6997387279092979,-0.6097798648478342,0.6097798648478341,0.608403711474856,-0.7652505652862079,0.7654830676197898,0.603306210409613,-0.3837470989691641,0.4507874728247125,0.2540227730240987,1.0798719967686412,1.0800336589778123,0.37730855583263884,-0.31629126840438526,0.3292608453507572,0.15054463016239422,-0.7256917768867495,0.726019380830838,0.8262606691683139,0.6698862298224836,1.0798719967686412,0.6791012514092348,1.0800336589778123,0.5540348303273624,0.8262606691683139,0.8652654018585999,0.867468382412472,0.7186976927918157,Random Forest h=1
extreme_abs_151_h1,random_forest,Bangladesh,0.9585512074714392,0.9114653094026252,0.8799902629016553,0.968390034824538,0.8063796564800357,0.7290509844904582,0.5102880658436214,0.031609965175462,0.9589130917195784,0.9137884019941942,0.8821994295077987,0.9734797749799088,0.806569748085673,0.7305670479837816,0.5123456790123457,0.026520225020091,0.0003618842481392,0.002323092591569,0.0022091666061434,0.0050897401553707,0.0001900916056373,0.0015160634933233,0.0020576131687243,-0.005089740155371,10868,318747,0.686970923813029,0.11286067006120842,0.5741102537518206,1.6698938741593452,1.6703130525164067,0.6410482624975788,1.837455454564356,1.8375120664730018,0.5995308026015684,1.5722155261848,1.5727856979021901,0.5754955712276673,1.6434276774037826,1.6434276774037822,0.5195140329906923,0.9637697917530668,0.9668076157721779,0.3821117903607101,0.7856827501537545,0.7856827501537542,0.2498380583313643,-0.7457765201606945,0.7462819944760912,0.33701675293373246,0.6010863858991192,0.6020051672063172,0.222782612773404,-0.3788295605018955,0.5110836388796732,0.36912999635249405,1.1331263934200904,1.837455454564356,1.1484332956425995,1.8375120664730018,0.43294087556324573,0.6410482624975788,1.6698938741593452,1.6703130525164067,0.6410482624975788,Random Forest h=1
extreme_abs_151_h1,random_forest,Brazil,0.3549424764063571,0.8304159578439112,0.4663461538461538,0.5127753303964758,0.4276267450404115,0.7219369310747636,0.0689014682469485,0.4872246696035242,0.4178748239011386,0.8767649004738819,0.4712788259958071,0.4951541850220264,0.4496,0.7171507702042734,0.0608526446134795,0.5048458149779735,0.0629323474947815,0.0463489426299706,0.0049326721496533,-0.0176211453744494,0.0219732549595885,-0.0047861608704902,-0.0080488236334689,0.0176211453744493,12441,317174,0.09123060847198779,0.13338104636571724,0.04215043789372945,-0.1448810184482742,0.18659487838220587,0.0905572045772911,-0.16726287540007115,0.17285385761370567,0.11381366578655217,-0.19649705090250413,0.21113258635916118,0.14206281783471553,0.03640713125571377,0.14554137894248426,0.1511252136232703,-0.3939402746167506,0.3976837034178531,0.17458845788188782,-0.1666355908465226,0.19962705768774772,0.07092930389780616,-0.14048714868983547,0.262306273118648,0.12073020726358619,0.7952016938030351,0.7952016938030354,0.3700672584880166,0.6128156609830515,0.6144439849697925,0.24571262200689145,0.2949031605495287,0.7952016938030351,0.3317094904771815,0.7952016938030354,0.16439852792889081,0.3700672584880166,0.1448810184482742,0.18659487838220587,0.0905572045772911,Random Forest h=1
extreme_abs_151_h1,random_forest,China,0.5997979726077178,0.935793064416071,0.3851839265992693,0.9973603167619886,0.2386818277532112,0.8142723240445666,0.3688156686728552,0.0026396832380114,0.6128058508168085,0.938372565138149,0.3682164263729143,1.0,0.2256527350342499,0.8010813016423544,0.3978373967152912,0.0,0.0130078782090906,0.002579500722078,-0.016967500226355,0.0026396832380114,-0.0130290927189613,-0.0131910224022122,0.029021728042436,-0.0026396832380114,21879,307736,0.10388957447780978,0.13377375412691397,0.029884179649104198,-0.04583454202336624,0.11389394775842952,0.05361084477638167,0.5878855766961637,0.6504672763721121,0.47372025950092866,0.4840830671116014,0.5480325754166874,0.4357309235944705,0.351264111547406,0.4370158351481006,0.33385538338523246,0.006523313164716611,0.1455400145263985,0.0767933502462258,-0.5553462197629935,0.5553527388515225,0.2725319181146865,-0.48121077549177144,0.5120527124906595,0.26385112627732354,-0.3485345240007049,0.39301437143028223,0.2076224702236073,-0.167554728132249,0.39230724949184226,0.2551568265541587,0.3364707619923303,0.5878855766961637,0.4164085246095594,0.6504672763721121,0.26365256696366834,0.47372025950092866,0.04583454202336624,0.11389394775842952,0.05361084477638167,Random Forest h=1
extreme_abs_151_h1,random_forest,Egypt,0.433863578823167,0.6415040913739662,0.5070861236567513,0.6470588235294118,0.4169014084507042,0.5986627319306155,0.4497333596681809,0.3529411764705882,0.4410030819297319,0.6489698793610681,0.5151491907647465,0.6673290937996821,0.4194878201124297,0.6042057280177553,0.4589176377641714,0.332670906200318,0.0071395031065649,0.0074657879871018,0.0080630671079952,0.0202702702702702,0.0025864116617254,0.0055429960871398,0.0091842780959904,-0.0202702702702702,15158,314457,0.33196991687557725,0.12214070604247958,0.2098292108330977,0.6096796490317581,0.7875847756175106,0.47629750619531563,0.2675078519259814,0.4803959544720296,0.44634824535208073,1.005794675283376,1.0175973228083959,0.577673066977811,0.20342570826861386,0.3065103393722842,0.2722523900289094,1.4486718244662988,1.4486718244662988,0.5283743687306198,0.8975402294212409,0.9129270442100474,0.4221362479232694,0.7809165881136684,0.784060096855544,0.32143717523006565,-1.1102032040025596,1.1102462280033434,0.48195442746139033,-0.6629858185997947,0.6750047847085268,0.6174039693821413,0.7763028387903658,1.4486718244662988,0.8358887078348868,1.4486718244662988,0.4604308219201781,0.6174039693821413,0.6096796490317581,0.7875847756175106,0.47629750619531563,Random Forest h=1
extreme_abs_151_h1,random_forest,Ethiopia,0.5332099839506457,0.9269343746357384,0.5456431535269709,0.6352657004830918,0.4781818181818182,0.7868553703487845,0.0615549597855227,0.3647342995169082,0.5426786601854996,0.9319766613565424,0.5606608156943728,0.6557971014492754,0.4896302975653742,0.7975500252554688,0.0606970509383378,0.3442028985507246,0.0094686762348539,0.005042286720804,0.0150176621674018,0.0205314009661835,0.0114484793835559,0.0106946549066843,-0.0008579088471849,-0.0205314009661836,10153,319462,0.08155225056633507,0.13338675648433929,0.05183450591800422,-0.05142662778759979,0.2158106875002421,0.09626554362832371,-0.17277111425906566,0.22018460785269303,0.08678419818672256,0.1594583161379393,0.18452428308242663,0.20839040919235607,0.23345024827651936,0.36804465302985306,0.31608070646238773,-0.16714990236828767,0.16843589856344968,0.06858868620755976,0.2687690241740183,0.30332660670290507,0.1362061532853519,-0.4233895086798661,0.43116637538219865,0.1868501453279594,-0.442285776512458,0.4662117435529247,0.2736278625481344,0.9363730372379931,0.9819444792697343,0.5756386551650526,0.31723039504819417,0.9363730372379931,0.3710721483262697,0.9819444792697343,0.216492484444872,0.5756386551650526,0.05142662778759979,0.2158106875002421,0.09626554362832371,Random Forest h=1
extreme_abs_151_h1,random_forest,France,,,0.0,0.0,0.0,1.0,0.0,0.0,,,0.0,0.0,0.0,1.0,0.0,0.0,,,0.0,0.0,0.0,0.0,0.0,0.0,11583,318032,0.0,0.1365900286763596,0.1365900286763596,-0.45561112402917303,0.45795166253470976,0.25090153207659205,-0.5058378355935036,0.5110029593057357,0.46987740033303577,-0.5646617841043879,0.5664117271569357,0.5296787434077602,-0.4837965369689726,0.498653324488295,0.4100500097202735,-0.4587856475499541,0.4632935949101367,0.2764514495629603,-0.03510402249859347,0.24235165106636417,0.11585323815539642,0.48093098442387505,0.48131263608372604,0.21112593219907372,-0.0577955506845464,0.34103610558045383,0.15974031186860926,-0.7209303597635441,0.721448363472929,0.771514606496621,0.4181615384018389,0.7209303597635441,0.47594022495547617,0.721448363472929,0.3550214693133691,0.771514606496621,0.45561112402917303,0.45795166253470976,0.25090153207659205,Random Forest h=1
extreme_abs_151_h1,random_forest,Germany,,,0.0,0.0,0.0,1.0,0.0,0.0,,,0.0,0.0,0.0,1.0,0.0,0.0,,,0.0,0.0,0.0,0.0,0.0,0.0,10439,319176,0.0,0.13610045868110385,0.13610045868110385,-0.613731347191068,0.613731347191068,0.4093842586440908,-0.5137799471014151,0.5137863531358491,0.4296278671002489,-0.5675815657265216,0.5675837353963384,0.4673264392111056,-0.5912572741443748,0.5912578897207035,0.4696230636354366,-0.531525570045324,0.5315511247178182,0.30188059595925254,-0.0066038428396528156,0.24417406787802956,0.11266708692691901,0.5675318788549407,0.5735063623422487,0.2746033793868527,0.04925678264432978,0.14345889610333662,0.06079958118181715,0.060418066768627564,0.5071559305227938,0.42484084016342083,0.38907625281291713,0.613731347191068,0.47624507855646514,0.613731347191068,0.3278614569121271,0.4696230636354366,0.613731347191068,0.613731347191068,0.4093842586440908,Random Forest h=1
extreme_abs_151_h1,random_forest,India,0.8929748760676951,0.9407638114432726,0.813778256189451,0.9187145557655956,0.7303563761270931,0.8630604136644431,0.1925937284367093,0.0812854442344045,0.8993020192541792,0.9435630341642548,0.8162580181044302,0.9192546583850932,0.7340161725067386,0.8650555282265111,0.1891436019320708,0.0807453416149068,0.006327143186484,0.0027992227209822,0.0024797619149792,0.0005401026194976,0.0036597963796454,0.001995114562068,-0.0034501265046384,-0.0005401026194976,20449,309166,0.3621692992322363,0.11655227288899814,0.24561702634323815,0.9480073015562,0.9918171267492735,0.2698553460021409,0.7796479257376153,0.8117366920889788,0.4324706590512016,0.6672655276199945,0.6945799470598107,0.39381787745773433,0.48250109486945786,0.5242724049514503,0.3184166706287509,0.13820754569703517,0.1978224521717196,0.10856930277888599,-0.7142941593550447,0.7143006482905274,0.3565885509533905,-0.01940759188040835,0.1355845476703944,0.07621508150350265,-0.15012607263204727,0.17395142257281515,0.08033690819637529,0.7756378924034122,0.8082018531474967,0.4442860917634987,0.5194550124168017,0.9480073015562,0.5613630105224963,0.9918171267492735,0.27561738759283116,0.4442860917634987,0.9480073015562,0.9918171267492735,0.2698553460021409,Random Forest h=1
extreme_abs_151_h1,random_forest,Indonesia,0.2693545091141126,0.7051210327486225,0.3516237402015677,0.4005102040816326,0.313373253493014,0.6423133806326977,0.1158834428162371,0.5994897959183674,0.2995552277606372,0.7446628695692527,0.3542673107890499,0.350765306122449,0.357839947950553,0.6338212584174651,0.0831227892875189,0.6492346938775511,0.0302007186465246,0.0395418368206301,0.0026435705874821,-0.0497448979591836,0.044466694457539,-0.0084921222152326,-0.0327606535287181,0.0497448979591836,13442,316173,0.11664930813866985,0.13243382578525048,0.015784517646580634,0.0897687463342933,0.15204717378723753,0.1457503638426875,-0.054174656791452495,0.11919283510545775,0.1142850961408079,-0.2616926771568357,0.2875675440985964,0.17732104784271419,-0.09384927223945232,0.3694754451349967,0.34068999795493055,-0.38789408167624356,0.4137167508698049,0.2225372037433586,-0.42691666122766353,0.4405180788452718,0.24971889547945436,-0.4485165426249819,0.4489166036155492,0.18913514288669458,1.2002169544457033,1.2002169544457026,0.5722267522406095,0.011013036055672486,0.2218799624504056,0.3226240064774665,0.3304491809502554,1.2002169544457033,0.40594792759478027,1.2002169544457026,0.25936538962319156,0.5722267522406095,0.0897687463342933,0.15204717378723753,0.1457503638426875,Random Forest h=1
extreme_abs_151_h1,random_forest,Japan,,,0.0,0.0,0.0,1.0,0.0,0.0,,,0.0,0.0,0.0,1.0,0.0,0.0,,,0.0,0.0,0.0,0.0,0.0,0.0,22594,307021,0.0,0.14148869295585645,0.14148869295585645,-0.6065335442198944,0.6067544195942602,0.3628952482902357,-0.5091910054513198,0.5092776072550557,0.37337053470840387,-0.5574276498678078,0.557464808382155,0.4037687769595112,-0.5157007850368218,0.5157527668988451,0.32298003035210676,-0.592887806844177,0.5928968191959225,0.31438858818835586,-0.42650937331218003,0.4324320314479603,0.1904777346076068,-0.6566693180075994,0.665811670831578,0.34730490335897946,0.18401757418433035,0.3099480741936761,0.1640285068530545,-0.6835256092852351,0.6993720557369478,0.6311540805418043,0.5258291851343739,0.6835256092852351,0.5433011392818222,0.6993720557369478,0.34559648931778425,0.6311540805418043,0.6065335442198944,0.6067544195942602,0.3628952482902357,Random Forest h=1
extreme_abs_151_h1,random_forest,Mexico,0.6067048220351441,0.902472170698625,0.6172125883108542,0.796849087893864,0.5036687631027253,0.8568091458101769,0.0832307962735102,0.2031509121061359,0.6258793728719824,0.9188003411780378,0.6259295182670547,0.802653399668325,0.5129835718071012,0.860941746415284,0.080769906837757,0.1973466003316749,0.0191745508368382,0.0163281704794128,0.0087169299562004,0.005804311774461,0.0093148087043758,0.0041326006051071,-0.0024608894357531,-0.005804311774461,12584,317031,0.09583598219961856,0.1332172563566339,0.03738127415701534,0.03191414052367641,0.2685142395052534,0.16234051961078655,-0.11893388917429408,0.2298109642005258,0.13769559673114848,-0.13164606681093308,0.2762094035675098,0.19865758754305932,0.467525025774394,0.512757621409657,0.4105113681168546,0.16957024115417063,0.2689060515868888,0.20385954513768512,0.9666623777616152,0.969570794643738,0.39716567006209025,-0.31833973913015606,0.3564780246067707,0.17378136379551068,-0.16528572393782473,0.23807933072393514,0.11725498739584117,0.014201936506460072,0.36434257976368906,0.3994590362686069,0.2648976823081694,0.9666623777616152,0.38718544555644085,0.969570794643738,0.24452507496239814,0.4105113681168546,0.03191414052367641,0.2685142395052534,0.16234051961078655,Random Forest h=1
extreme_abs_151_h1,random_forest,Nigeria,0.8672387705191863,0.9095995822727492,0.7746463894501755,0.9057448395921412,0.6767001114827201,0.8142270014693773,0.2772908366533864,0.0942551604078587,0.8697591739504577,0.9133255587448764,0.7826272999572101,0.9097239492663516,0.6866904449033226,0.8218739268244108,0.2659760956175299,0.0902760507336483,0.0025204034312713,0.0037259764721272,0.0079809105070346,0.0039791096742103,0.0099903334206025,0.0076469253550335,-0.0113147410358565,-0.0039791096742103,10296,319319,0.39054001554001555,0.12344708582953097,0.2670929297104846,0.6852514479663895,0.6874535770145697,0.37106671628615207,0.5491454437556502,0.549338193302647,0.3393390395741493,0.8729730778897326,0.8729730778897323,0.3760096138622785,0.7673082007284566,0.7673082007284568,0.3216159928542374,0.3412536133634875,0.3461200234969673,0.134516302227901,0.4195195408707416,0.44470896934932086,0.1404323210749543,-0.8585746306089307,0.8592555423000917,0.4126424341941583,-0.03400318747101684,0.30124719597082955,0.11919511174997069,-0.027146126345792887,0.6007519335703855,0.45104699375859253,0.5061305854444664,0.8729730778897326,0.603239634847,0.8729730778897323,0.2962071695091549,0.45104699375859253,0.6852514479663895,0.6874535770145697,0.37106671628615207,Random Forest h=1
extreme_abs_151_h1,random_forest,Pakistan,0.9740006523860508,0.900593333209913,0.9371644767114884,0.9887798036465638,0.89067055393586,0.7170230379179565,0.5547337278106509,0.0112201963534361,0.975830474083133,0.9050354589102442,0.9373082429944772,0.9887798036465638,0.8909303003791192,0.7177626828883706,0.5532544378698225,0.0112201963534361,0.0018298216970821,0.0044421257003312,0.0001437662829888,0.0,0.0002597464432592,0.0007396449704141,-0.0014792899408283,0.0,11297,318318,0.8204833141542003,0.10734862621655074,0.7131346879376496,1.7262039575856007,1.7262039575856003,0.7351419776784,1.8625039708128175,1.8625352444981245,0.7000583207891543,1.5502529934257945,1.5508239335686795,0.6770130196210923,1.9738233500036697,1.9738233500036693,0.6692809220872273,1.7096632045800326,1.7127051227015955,0.6023356072317143,1.3638678671145832,1.3638678671145832,0.3975337615175208,-0.6206341702247453,0.6213084650447818,0.2740745044303678,-0.24039194928607177,0.3130702434586398,0.17167332309438832,-0.13171155081643796,0.5771224555719414,0.43240363648770624,1.2421170015388616,1.9738233500036697,1.3001622932830683,1.9738233500036693,0.5177238969930635,0.7351419776784,1.7262039575856007,1.7262039575856003,0.7351419776784,Random Forest h=1
extreme_abs_151_h1,random_forest,Philippines,0.0503585225588501,0.8844374020357016,0.0809248554913294,0.0985915492957746,0.0686274509803921,0.5445844078555843,0.0094227335846062,0.9014084507042254,0.0588203492215639,0.8977535616396254,0.0680851063829787,0.056338028169014,0.086021505376344,0.5260612973616345,0.0042154334457448,0.943661971830986,0.0084618266627138,0.0133161596039237,-0.0128397491083507,-0.0422535211267606,0.0173940543959519,-0.0185231104939497,-0.0052073001388614,0.0422535211267606,20306,309309,0.006993006993006993,0.1399829943519264,0.1329899873589194,-0.41998812927114737,0.4200553006896511,0.18843174237677174,-0.4092609495598272,0.40928561904567895,0.22114603114192888,-0.41379342897399746,0.4138039028213188,0.22407265918820685,-0.33057909229304855,0.33058915689219215,0.15031219748845892,-0.09712403207071316,0.16181857865019172,0.05339061321558247,-0.24319556355190708,0.24341893628833422,0.10971338702775868,0.161064328067404,0.20930496442899174,0.11730491123353148,0.6475054725262125,0.6482851628242744,0.34755713314444336,1.4712248804933363,1.52389103892253,0.7148517419951852,0.46597065297862156,1.4712248804933363,0.48449474006257365,1.52389103892253,0.23630893520131865,0.7148517419951852,0.41998812927114737,0.4200553006896511,0.18843174237677174,Random Forest h=1
extreme_abs_151_h1,random_forest,Russia,0.8126971640008517,0.9621938466075686,0.7399215126650018,0.8424045491470349,0.6596692111959288,0.8963901050159625,0.0496243391151099,0.157595450852965,0.8251749227661984,0.9658823014372776,0.771343726800297,0.8440292445166532,0.7101845522898155,0.9023503981603764,0.0393284481959001,0.1559707554833468,0.0124777587653467,0.003688454829709,0.0314222141352951,0.0016246953696182,0.0505153410938866,0.0059602931444139,-0.0102958909192098,-0.0016246953696182,12012,317603,0.10248085248085248,0.13289861871581818,0.0304177662349657,-0.06831932895084837,0.12436042904617048,0.05468492186186924,-0.07990692444926484,0.12167263687778314,0.09422297648321964,-0.150301551942382,0.1748824316448522,0.1256503139663877,0.17840483033323015,0.18633541315938884,0.21830761914057728,0.09458288513873746,0.16069859491770352,0.13152632299413025,0.45161087379302045,0.4656408710420832,0.1980184006298369,-0.37057740819389373,0.38133933258303526,0.1692077245881839,0.6094574443028395,0.6201049453776291,0.2853756254251527,0.11052770552399832,0.14824543789489295,0.20100831931088575,0.23485432806980164,0.6094574443028395,0.2648088991715043,0.6201049453776291,0.16422246937780483,0.2853756254251527,0.06831932895084837,0.12436042904617048,0.05468492186186924,Random Forest h=1
extreme_abs_151_h1,random_forest,Saudi Arabia,0.0249503872439305,0.625861574511244,0.0439560439560439,0.0444444444444444,0.0434782608695652,0.5159899276046584,0.0124645892351274,0.9555555555555556,0.030295679677972,0.6642576854474872,0.0372093023255813,0.0296296296296296,0.05,0.5112265239743993,0.0071765816808309,0.9703703703703704,0.0053452924340415,0.0383961109362431,-0.0067467416304625,-0.0148148148148147,0.0065217391304348,-0.0047634036302591,-0.0052880075542965,0.0148148148148148,10725,318890,0.012587412587412588,0.13579917840007527,0.12321176581266269,-0.05007666733491962,0.3466506779519628,0.20145442001944244,-0.20765492039262262,0.36661636503613576,0.23662830443099503,0.2520812582505004,0.39900873033974116,0.5459500141114491,-0.3447642524239647,0.4311647362955836,0.2919029550419685,-0.16512997576475796,0.33288940672455164,0.16767871888948122,0.31341970236798494,0.3938505804440197,0.240535816948373,0.3829173002399888,0.38576477078286214,0.1924191204908694,-1.919094502630042,1.9191369285393354,0.6870820659161466,-0.733457322922068,0.7334577199468777,0.9731255291793408,0.4853995447029833,1.919094502630042,0.5898377684512299,1.9191369285393354,0.3929752161142296,0.9731255291793408,0.05007666733491962,0.3466506779519628,0.20145442001944244,Random Forest h=1
extreme_abs_151_h1,random_forest,South Africa,0.1094803634422665,0.9211303850552802,0.0298507462686567,0.0163934426229508,0.1666666666666666,0.5079622877030733,0.0004688672168042,0.9836065573770492,0.1177715995285949,0.9367428947400784,0.0,0.0,0.0,0.5,0.0,1.0,0.0082912360863283,0.0156125096847982,-0.0298507462686567,-0.0163934426229508,-0.1666666666666666,-0.0079622877030732,-0.0004688672168042,0.0163934426229508,10725,318890,0.005687645687645688,0.13603123334065037,0.1303435876530047,-0.30738847527773994,0.31757291443792307,0.20315929212790196,-0.40418423672170706,0.4086453976253894,0.2645928062968421,-0.4789187094448259,0.48020560176124455,0.33593903853993534,-0.4875267616787563,0.501280641801146,0.41218163002916364,-0.6266873310446044,0.6266873313445237,0.43166839139933316,-0.614457041235957,0.6189842249609026,0.36166724157755553,0.4553444354019928,0.4553677674109087,0.18545015522594,-0.4452122784424107,0.45539057646224257,0.20897885373221692,-0.7263688283913778,0.7266923841308469,0.8274809495437299,0.5051208997377079,0.7263688283913778,0.5100918711039031,0.7266923841308469,0.35901315094140207,0.8274809495437299,0.30738847527773994,0.31757291443792307,0.20315929212790196,Random Forest h=1
extreme_abs_151_h1,random_forest,South Korea,0.1131013934459502,0.8883830959469309,0.1297297297297297,0.0923076923076923,0.2181818181818181,0.5444274931748836,0.0034527059579251,0.9076923076923076,0.1201213946132247,0.9118565552000594,0.135593220338983,0.0923076923076923,0.2553191489361702,0.544748675124458,0.0028103420587762,0.9076923076923076,0.0070200011672744,0.0234734592531284,0.0058634906092532,0.0,0.0371373307543521,0.0003211819495744,-0.0006423638991488,0.0,12584,317031,0.010330578512396695,0.13661124621882403,0.12628066770642735,-0.12072896368974718,0.31919708692443016,0.14805015483143175,-0.2657975605606703,0.3405024025631223,0.17616487748115262,-0.29332620091693884,0.3437023152550896,0.17627416561787335,-0.40171715977270805,0.4489132316611905,0.3112873461471075,0.03686740633686797,0.29635023949797495,0.21740962527037075,-0.7236241496296648,0.7257921832815871,0.453624014686261,-0.1927312569431296,0.2598245321099713,0.13451269176143088,-0.3822924367232723,0.44000161205388083,0.28276565153794825,-0.736439380640543,0.7364496144739355,0.9281347522367328,0.35039161280150466,0.736439380640543,0.4345259130912425,0.7364496144739355,0.31424703106336765,0.9281347522367328,0.12072896368974718,0.31919708692443016,0.14805015483143175,Random Forest h=1
extreme_abs_151_h1,random_forest,Thailand,0.050709321420856,0.950490995094044,0.0745762711864406,0.2156862745098039,0.0450819672131147,0.5959747590967928,0.0237367563162184,0.7843137254901961,0.0593299385316275,0.9540566022660082,0.0816326530612244,0.1568627450980392,0.0551724137931034,0.5714529699410327,0.0139568052159739,0.8431372549019608,0.0086206171107715,0.0035656071719641,0.0070563818747838,-0.0588235294117646,0.0100904465799886,-0.02452178915576,-0.0097799511002445,0.0588235294117647,9867,319748,0.005168744299179082,0.13569748677083204,0.13052874247165297,-0.052951741149162596,0.48081061511722617,0.3588198441780148,-0.21128887398976334,0.40793408232858697,0.33715681533990627,-0.319044146571983,0.4382163916241645,0.26765257894214883,-0.2993938340498132,0.3385390763299555,0.18828310084046262,0.1796024962895109,0.4417065683609863,0.3699110513297338,0.0062493476186677764,0.2484697710013426,0.11602456681013107,0.5520840781399028,0.5577286503753882,0.2669869732559318,0.05451177129409716,0.14093910281560393,0.060517177204584854,0.06964665935787044,0.5135544590741054,0.4240902210490761,0.19386366094008567,0.5520840781399028,0.39643319078081773,0.5577286503753882,0.26549359210555445,0.4240902210490761,0.052951741149162596,0.48081061511722617,0.3588198441780148,Random Forest h=1
extreme_abs_151_h1,random_forest,Turkey,0.2439130498355403,0.8231491620297883,0.2924528301886792,0.3044189852700491,0.2813918305597579,0.6283904173166012,0.0476381506368468,0.6955810147299509,0.2715487944841444,0.851135559899486,0.3079443079443079,0.3076923076923077,0.3081967213114754,0.6326847858790492,0.0423227359342092,0.6923076923076923,0.027635744648604,0.0279863978696977,0.0154914777556287,0.0032733224222585,0.0268048907517174,0.004294368562448,-0.0053154147026375,-0.0032733224222586,10582,319033,0.05773955773955774,0.13424630053944261,0.07650674279988487,0.01093510915851176,0.32342076457401936,0.20402993979865341,-0.1630492271056214,0.3007284227157349,0.18055177042178383,-0.21434775034753592,0.3327989928803657,0.1811864586405151,-0.25576465992049174,0.28668838051716095,0.13526288604728764,0.3474480795097529,0.381813079486544,0.2608989614816598,0.39728314018983485,0.46725718035388575,0.2753563746392074,0.5758028427829489,0.5907318193915583,0.2566931778047869,-0.05545205245082534,0.1410812381619761,0.07616123080040604,0.42152229808735164,0.6558567493539693,0.43547168423905314,0.27128946217254163,0.5758028427829489,0.3867085141594683,0.6558567493539693,0.22284583154148369,0.43547168423905314,0.01093510915851176,0.32342076457401936,0.20402993979865341,Random Forest h=1
extreme_abs_151_h1,random_forest,United Kingdom,0.0005321979776476,0.8200804751868174,0.0,0.0,0.0,0.5,0.0,1.0,0.0002557544757033,0.6255029699176087,0.0,0.0,0.0,0.5,0.0,1.0,-0.0002764435019443,-0.1945775052692087,0.0,0.0,0.0,0.0,0.0,0.0,10439,319176,9.579461634256155e-05,0.13609732561345464,0.13600153099711207,-0.4811519494216682,0.5084645342288525,0.35305346197966614,-0.4545816960332385,0.45764431637173886,0.37454162791104895,-0.5187960279980215,0.5187982259757697,0.4153883750657944,-0.5350298145909167,0.5350305692204249,0.38912189470077235,-0.392040420665228,0.40554123831205735,0.22856058975148674,-0.006603842839652498,0.24417406787802956,0.11266708692691901,0.5675318788549404,0.5735063623422487,0.2746033793868527,0.04925678264432978,0.14345889610333662,0.06079958118181715,0.06041806676862741,0.5071559305227938,0.42484084016342083,0.3406011644240692,0.5675318788549404,0.4326415712172502,0.5735063623422487,0.2926196485630864,0.42484084016342083,0.4811519494216682,0.5084645342288525,0.35305346197966614,Random Forest h=1
extreme_abs_151_h1,random_forest,United States,0.0331794041642233,0.8921610669402411,0.0888888888888888,0.0571428571428571,0.2,0.528427802000513,0.0002872531418312,0.9428571428571428,0.0449036064609399,0.8355044883303411,0.048780487804878,0.0285714285714285,0.1666666666666666,0.514195947678892,0.0001795332136445,0.9714285714285714,0.0117242022967166,-0.0566565786099,-0.0401084010840107,-0.0285714285714286,-0.0333333333333334,-0.0142318543216209,-0.0001077199281867,0.0285714285714285,27885,301730,0.0012551551013089475,0.14385377655519835,0.1425986214538894,-0.6227018394085749,0.622701839408575,0.3750694924227552,-0.5265153257982157,0.5265221022289532,0.3962137995677915,-0.5657078824267392,0.5658801385732443,0.4298950411600794,-0.5448446442829534,0.5448975376752586,0.37366154322042033,-0.5247651558508403,0.5257569268563308,0.29226885643218126,-0.11049289374431338,0.24915177089260357,0.08687406893750316,0.21566474522695103,0.37461931957745803,0.21280963537616834,0.17512392948725047,0.41658123582364237,0.20425418547912172,-0.739189239213227,0.739189239213227,0.653114050853752,0.4472228506043405,0.739189239213227,0.507255567805477,0.739189239213227,0.3360178526055303,0.653114050853752,0.6227018394085749,0.622701839408575,0.3750694924227552,Random Forest h=1
extreme_abs_151_h1,random_forest,Vietnam,0.371725966142692,0.807112909481579,0.4146730462519936,0.4653937947494033,0.37392138063279,0.7001445544036149,0.0651046859421734,0.5346062052505967,0.4032933651362374,0.8274709879906819,0.4338153503893214,0.4653937947494033,0.40625,0.7042821416419001,0.0568295114656031,0.5346062052505967,0.0315673989935454,0.0203580785091028,0.0191423041373278,0.0,0.0323286193672099,0.0041375872382851,-0.0082751744765703,0.0,10868,318747,0.0771071034228929,0.13365459125889811,0.05654748783600522,-0.06278536321442754,0.22245540496120134,0.09759848307344235,-0.19509051374407657,0.2391097154120901,0.09580581398248045,-0.2742524913637708,0.2936562969187984,0.13246712910239156,-0.19775434200908049,0.19983505253231246,0.07837828153759296,0.44824715858990927,0.4483082118294023,0.21518208716267795,0.1198822704913751,0.26558840733477546,0.15128633615210085,0.17026201943153083,0.21408418494060227,0.12143420792567211,0.7967202642095762,0.8001906550856721,0.4554110560875454,2.2974727464398175,2.300935621613178,0.7222101822052237,0.506940796610396,2.2974727464398175,0.5537959500697814,2.300935621613178,0.22997484191434747,0.7222101822052237,0.06278536321442754,0.22245540496120134,0.09759848307344235,Random Forest h=1
