target,model,model_family,held_out_country,criterion,selected_threshold,part,validation_threshold,validation_rows,validation_events,validation_event_rate,validation_accuracy,validation_balanced_accuracy,validation_precision,validation_recall,validation_f1,validation_macro_f1,validation_tn,validation_fp,validation_fn,validation_tp,validation_false_alarm_rate,validation_missed_event_rate,validation_roc_auc,validation_pr_auc,rows,events,event_rate,accuracy,balanced_accuracy,precision,recall,f1,macro_f1,tn,fp,fn,tp,false_alarm_rate,missed_event_rate,roc_auc,pr_auc
extreme_abs_151_h1,random_forest,ensemble,Australia,f1,0.66,validation_selected,0.66,47877.0,6516.0,0.1360987530547026,0.9403680264009858,0.8901101463763583,0.7600511436283564,0.8210558624923265,0.7893766137956474,0.8773219155791945,39672.0,1689.0,1166.0,5350.0,0.0408355697396097,0.1789441375076734,0.9752779428561964,0.8797645787616346,,,,,,,,,,,,,,,,,
extreme_abs_151_h1,random_forest,ensemble,Australia,f1,0.66,test_calibrated,,,,,,,,,,,,,,,,,,,10439.0,1.0,9.579461634256155e-05,0.9999042053836574,0.5,0.0,0.0,0.0,0.4999760501987833,10438.0,0.0,1.0,0.0,0.0,1.0,0.6556332630772179,0.00027616680475
extreme_abs_151_h1,random_forest,ensemble,Australia,f1,0.66,test_default_threshold,,,,,,,,,,,,,,,,,,,10439.0,1.0,9.579461634256155e-05,0.9998084107673147,0.4999520981030849,0.0,0.0,0.0,0.4999520981030849,10437.0,1.0,1.0,0.0,9.580379383023568e-05,1.0,0.6556332630772179,0.00027616680475
extreme_abs_151_h1,random_forest,ensemble,Bangladesh,f1,0.67,validation_selected,0.67,47813.0,5396.0,0.11285633614289,0.945035868905946,0.881193229185754,0.7365003417634997,0.7987398072646404,0.7663584637268848,0.8676064522289405,40875.0,1542.0,1086.0,4310.0,0.0363533488931324,0.2012601927353595,0.9742325451599692,0.8544750715727043,,,,,,,,,,,,,,,,,
extreme_abs_151_h1,random_forest,ensemble,Bangladesh,f1,0.67,test_calibrated,,,,,,,,,,,,,,,,,,,10868.0,7466.0,0.686970923813029,0.8352042694147958,0.7854137659998301,0.852878995149857,0.9185641575140636,0.8845037724898432,0.798488842417662,2219.0,1183.0,608.0,6858.0,0.3477366255144033,0.0814358424859362,0.9114653094026252,0.9585512074714392
extreme_abs_151_h1,random_forest,ensemble,Bangladesh,f1,0.67,test_default_threshold,,,,,,,,,,,,,,,,,,,10868.0,7466.0,0.686970923813029,0.8185498711814502,0.7290509844904582,0.8063796564800357,0.968390034824538,0.8799902629016553,0.7540976955533918,1666.0,1736.0,236.0,7230.0,0.5102880658436214,0.031609965175462,0.9114653094026252,0.9585512074714392
extreme_abs_151_h1,random_forest,ensemble,Brazil,f1,0.69,validation_selected,0.69,47577.0,6346.0,0.1333837778758644,0.941925720411123,0.8822982999941686,0.772140361537293,0.8009769933816577,0.7862943769819785,0.8763457290808342,39731.0,1500.0,1263.0,5083.0,0.0363803933933205,0.1990230066183422,0.9761117447306696,0.8793554354548903,,,,,,,,,,,,,,,,,
extreme_abs_151_h1,random_forest,ensemble,Brazil,f1,0.69,test_calibrated,,,,,,,,,,,,,,,,,,,12441.0,1135.0,0.0912306084719877,0.9099750823888756,0.6044950987000782,0.5147347740667977,0.2308370044052863,0.3187347931873479,0.6352689371737583,11059.0,247.0,873.0,262.0,0.02184680700513,0.7691629955947137,0.8304159578439112,0.3549424764063571
extreme_abs_151_h1,random_forest,ensemble,Brazil,f1,0.69,test_default_threshold,,,,,,,,,,,,,,,,,,,12441.0,1135.0,0.0912306084719877,0.8929346515553412,0.7219369310747636,0.4276267450404115,0.5127753303964758,0.4663461538461538,0.7034223398552667,10527.0,779.0,553.0,582.0,0.0689014682469485,0.4872246696035242,0.8304159578439112,0.3549424764063571
extreme_abs_151_h1,random_forest,ensemble,China,f1,0.7,validation_selected,0.7,46161.0,6175.0,0.1337709321721799,0.9454517883061458,0.8862847725448846,0.7906533142584645,0.8055060728744939,0.7980105888015402,0.8832394158193235,38669.0,1317.0,1201.0,4974.0,0.0329365277847246,0.194493927125506,0.9772553916137856,0.8867306041246528,,,,,,,,,,,,,,,,,
extreme_abs_151_h1,random_forest,ensemble,China,f1,0.7,test_calibrated,,,,,,,,,,,,,,,,,,,21879.0,2273.0,0.1038895744778097,0.7989853283970931,0.8683933364087302,0.3358059032607016,0.956005279366476,0.4970265324794145,0.6857098161911552,15308.0,4298.0,100.0,2173.0,0.2192186065490156,0.0439947206335239,0.935793064416071,0.5997979726077178
extreme_abs_151_h1,random_forest,ensemble,China,f1,0.7,test_default_threshold,,,,,,,,,,,,,,,,,,,21879.0,2273.0,0.1038895744778097,0.6692261986379634,0.8142723240445666,0.2386818277532112,0.9973603167619886,0.3851839265992693,0.5794678816414611,12375.0,7231.0,6.0,2267.0,0.3688156686728552,0.0026396832380114,0.935793064416071,0.5997979726077178
extreme_abs_151_h1,random_forest,ensemble,Egypt,f1,0.71,validation_selected,0.71,47169.0,5761.0,0.1221353007271725,0.9517479700650852,0.8898820157432847,0.7991416309012875,0.8080194410692588,0.8035560158812359,0.8880260744526056,40238.0,1170.0,1106.0,4655.0,0.0282554095826893,0.1919805589307412,0.980663801183248,0.8962185470339373,,,,,,,,,,,,,,,,,
extreme_abs_151_h1,random_forest,ensemble,Egypt,f1,0.71,test_calibrated,,,,,,,,,,,,,,,,,,,15158.0,5032.0,0.3319699168755772,0.6547037867792584,0.5786512635545701,0.4730522945570971,0.3523449920508744,0.4038724373576309,0.5804187595406283,8151.0,1975.0,3259.0,1773.0,0.1950424649417341,0.6476550079491256,0.6415040913739662,0.433863578823167
extreme_abs_151_h1,random_forest,ensemble,Egypt,f1,0.71,test_default_threshold,,,,,,,,,,,,,,,,,,,15158.0,5032.0,0.3319699168755772,0.5823987333421295,0.5986627319306155,0.4169014084507042,0.6470588235294118,0.5070861236567513,0.5724168171219547,5572.0,4554.0,1776.0,3256.0,0.4497333596681809,0.3529411764705882,0.6415040913739662,0.433863578823167
extreme_abs_151_h1,random_forest,ensemble,Ethiopia,f1,0.66,validation_selected,0.66,47920.0,6392.0,0.1333889816360601,0.942007512520868,0.8918203686750608,0.7613192535802112,0.8233729662077597,0.7911311537016159,0.8787302948492328,39878.0,1650.0,1129.0,5263.0,0.0397322288576382,0.1766270337922403,0.9760832498615468,0.8803288271910172,,,,,,,,,,,,,,,,,
extreme_abs_151_h1,random_forest,ensemble,Ethiopia,f1,0.66,test_calibrated,,,,,,,,,,,,,,,,,,,10153.0,828.0,0.081552250566335,0.9237663744705998,0.6635671083135823,0.5509433962264151,0.3526570048309179,0.4300441826215022,0.6945977721213907,9087.0,238.0,536.0,292.0,0.0255227882037533,0.6473429951690821,0.9269343746357384,0.5332099839506457
extreme_abs_151_h1,random_forest,ensemble,Ethiopia,f1,0.66,test_default_threshold,,,,,,,,,,,,,,,,,,,10153.0,828.0,0.081552250566335,0.9137200827341672,0.7868553703487845,0.4781818181818182,0.6352657004830918,0.5456431535269709,0.7489887331461169,8751.0,574.0,302.0,526.0,0.0615549597855227,0.3647342995169082,0.9269343746357384,0.5332099839506457
extreme_abs_151_h1,random_forest,ensemble,France,f1,0.67,validation_selected,0.67,47705.0,6516.0,0.1365894560318624,0.9403836075883032,0.8868640686144562,0.7650880739243431,0.8132289748311847,0.788424341615831,0.8768639373509567,39562.0,1627.0,1217.0,5299.0,0.0395008376022724,0.1867710251688152,0.9749017804568292,0.8780379459117504,,,,,,,,,,,,,,,,,
extreme_abs_151_h1,random_forest,ensemble,France,f1,0.67,test_calibrated,,,,,,,,,,,,,,,,,,,11583.0,0.0,0.0,1.0,1.0,0.0,0.0,0.0,1.0,11583.0,0.0,0.0,0.0,0.0,0.0,,
extreme_abs_151_h1,random_forest,ensemble,France,f1,0.67,test_default_threshold,,,,,,,,,,,,,,,,,,,11583.0,0.0,0.0,1.0,1.0,0.0,0.0,0.0,1.0,11583.0,0.0,0.0,0.0,0.0,0.0,,
extreme_abs_151_h1,random_forest,ensemble,Germany,f1,0.69,validation_selected,0.69,47877.0,6516.0,0.1360987530547026,0.9420180880172108,0.8824672994457506,0.7793546459515984,0.8006445672191529,0.7898561695685087,0.8781128105062934,39884.0,1477.0,1299.0,5217.0,0.0357099683276516,0.1993554327808471,0.9758216367351926,0.8823684527923848,,,,,,,,,,,,,,,,,
extreme_abs_151_h1,random_forest,ensemble,Germany,f1,0.69,test_calibrated,,,,,,,,,,,,,,,,,,,10439.0,0.0,0.0,1.0,1.0,0.0,0.0,0.0,1.0,10439.0,0.0,0.0,0.0,0.0,0.0,,
extreme_abs_151_h1,random_forest,ensemble,Germany,f1,0.69,test_default_threshold,,,,,,,,,,,,,,,,,,,10439.0,0.0,0.0,1.0,1.0,0.0,0.0,0.0,1.0,10439.0,0.0,0.0,0.0,0.0,0.0,,
extreme_abs_151_h1,random_forest,ensemble,India,f1,0.71,validation_selected,0.71,46375.0,5405.0,0.1165498652291105,0.9485067385444744,0.8765811359454595,0.7770431588613407,0.7827937095282146,0.7799078341013825,0.8753751624719367,39756.0,1214.0,1174.0,4231.0,0.0296314376372955,0.2172062904717853,0.9748476345025362,0.867491837598239,,,,,,,,,,,,,,,,,
extreme_abs_151_h1,random_forest,ensemble,India,f1,0.71,test_calibrated,,,,,,,,,,,,,,,,,,,20449.0,7406.0,0.3621692992322363,0.8629272825077021,0.8506479916685972,0.8136840670573804,0.8061031596003241,0.8098758732958014,0.8513535359596958,11676.0,1367.0,1436.0,5970.0,0.1048071762631296,0.1938968403996759,0.9407638114432726,0.8929748760676951
extreme_abs_151_h1,random_forest,ensemble,India,f1,0.71,test_default_threshold,,,,,,,,,,,,,,,,,,,20449.0,7406.0,0.3621692992322363,0.847718714851582,0.8630604136644431,0.7303563761270931,0.9187145557655956,0.813778256189451,0.842486414659914,10531.0,2512.0,602.0,6804.0,0.1925937284367093,0.0812854442344045,0.9407638114432726,0.8929748760676951
extreme_abs_151_h1,random_forest,ensemble,Indonesia,f1,0.72,validation_selected,0.72,47426.0,6281.0,0.1324379032598153,0.9464639649137604,0.8870553867134241,0.7929846539304729,0.8062410444196784,0.799557906370885,0.884332095486349,39823.0,1322.0,1217.0,5064.0,0.0321302709928302,0.1937589555803216,0.9778662002224224,0.887663894987722,,,,,,,,,,,,,,,,,
extreme_abs_151_h1,random_forest,ensemble,Indonesia,f1,0.72,test_calibrated,,,,,,,,,,,,,,,,,,,13442.0,1568.0,0.1166493081386698,0.8702574021722957,0.5673164098888671,0.3770949720670391,0.1721938775510204,0.2364273204903677,0.5827665057736392,11428.0,446.0,1298.0,270.0,0.0375610577732861,0.8278061224489796,0.7051210327486225,0.2693545091141126
extreme_abs_151_h1,random_forest,ensemble,Indonesia,f1,0.72,test_default_threshold,,,,,,,,,,,,,,,,,,,13442.0,1568.0,0.1166493081386698,0.8277042106829341,0.6423133806326977,0.313373253493014,0.4005102040816326,0.3516237402015677,0.6261378824549362,10498.0,1376.0,940.0,628.0,0.1158834428162371,0.5994897959183674,0.7051210327486225,0.2693545091141126
extreme_abs_151_h1,random_forest,ensemble,Japan,f1,0.69,validation_selected,0.69,46054.0,6516.0,0.1414860815564337,0.9407000477700092,0.8840716785937119,0.7821678842999851,0.8050951503990178,0.7934659305755124,0.8794229570479134,38077.0,1461.0,1270.0,5246.0,0.0369517932115939,0.1949048496009822,0.9742295730232996,0.8822165089435199,,,,,,,,,,,,,,,,,
extreme_abs_151_h1,random_forest,ensemble,Japan,f1,0.69,test_calibrated,,,,,,,,,,,,,,,,,,,22594.0,0.0,0.0,1.0,1.0,0.0,0.0,0.0,1.0,22594.0,0.0,0.0,0.0,0.0,0.0,,
extreme_abs_151_h1,random_forest,ensemble,Japan,f1,0.69,test_default_threshold,,,,,,,,,,,,,,,,,,,22594.0,0.0,0.0,1.0,1.0,0.0,0.0,0.0,1.0,22594.0,0.0,0.0,0.0,0.0,0.0,,
extreme_abs_151_h1,random_forest,ensemble,Mexico,f1,0.71,validation_selected,0.71,47555.0,6335.0,0.1332141730627694,0.9444432762064976,0.8816512891918813,0.7888315344908494,0.7960536700868193,0.7924261470773099,0.8801780173370575,39870.0,1350.0,1292.0,5043.0,0.0327510917030567,0.2039463299131807,0.9766030390378384,0.8815189363337483,,,,,,,,,,,,,,,,,
extreme_abs_151_h1,random_forest,ensemble,Mexico,f1,0.71,test_calibrated,,,,,,,,,,,,,,,,,,,12584.0,1206.0,0.0958359821996185,0.9229179910998092,0.7676014665058722,0.6024305555555556,0.5754560530679934,0.5886344359626803,0.7730546138603406,10920.0,458.0,512.0,694.0,0.0402531200562489,0.4245439469320066,0.902472170698625,0.6067048220351441
extreme_abs_151_h1,random_forest,ensemble,Mexico,f1,0.71,test_default_threshold,,,,,,,,,,,,,,,,,,,12584.0,1206.0,0.0958359821996185,0.905276541640178,0.8568091458101769,0.5036687631027253,0.796849087893864,0.6172125883108542,0.7815817181147996,10431.0,947.0,245.0,961.0,0.0832307962735102,0.2031509121061359,0.902472170698625,0.6067048220351441
extreme_abs_151_h1,random_forest,ensemble,Nigeria,f1,0.7,validation_selected,0.7,47898.0,5913.0,0.1234498308906426,0.9439433796818238,0.8755402967900582,0.7666886979510905,0.7847116522915609,0.7755954868366067,0.8717833811895336,40573.0,1412.0,1273.0,4640.0,0.0336310587114445,0.215288347708439,0.975261380526144,0.8701517682916616,,,,,,,,,,,,,,,,,
extreme_abs_151_h1,random_forest,ensemble,Nigeria,f1,0.7,test_calibrated,,,,,,,,,,,,,,,,,,,10296.0,4021.0,0.3905400155400155,0.839063714063714,0.8359873413582675,0.7783796514366462,0.8219348420790848,0.7995645336881577,0.8325611715093932,5334.0,941.0,716.0,3305.0,0.1499601593625498,0.1780651579209152,0.9095995822727492,0.8672387705191863
extreme_abs_151_h1,random_forest,ensemble,Nigeria,f1,0.7,test_default_threshold,,,,,,,,,,,,,,,,,,,10296.0,4021.0,0.3905400155400155,0.7941919191919192,0.8142270014693773,0.6767001114827201,0.9057448395921412,0.7746463894501755,0.7926319801393339,4535.0,1740.0,379.0,3642.0,0.2772908366533864,0.0942551604078587,0.9095995822727492,0.8672387705191863
extreme_abs_151_h1,random_forest,ensemble,Pakistan,f1,0.67,validation_selected,0.67,47748.0,5126.0,0.1073552818966239,0.941693892937924,0.873549482971404,0.7045772187281621,0.7867733125243855,0.7434101382488479,0.8552601101186824,40931.0,1691.0,1093.0,4033.0,0.0396743465815775,0.2132266874756145,0.97156103112091,0.8308735527233048,,,,,,,,,,,,,,,,,
extreme_abs_151_h1,random_forest,ensemble,Pakistan,f1,0.67,test_calibrated,,,,,,,,,,,,,,,,,,,11297.0,9269.0,0.8204833141542003,0.8892626360980791,0.7659136050413426,0.9112638489946656,0.958355809688208,0.9342167534311404,0.7922411695587349,1163.0,865.0,386.0,8883.0,0.4265285996055227,0.0416441903117919,0.900593333209913,0.9740006523860508
extreme_abs_151_h1,random_forest,ensemble,Pakistan,f1,0.67,test_default_threshold,,,,,,,,,,,,,,,,,,,11297.0,9269.0,0.8204833141542003,0.8912100557670178,0.7170230379179565,0.89067055393586,0.9887798036465638,0.9371644767114884,0.7661110686687589,903.0,1125.0,104.0,9165.0,0.5547337278106509,0.0112201963534361,0.900593333209913,0.9740006523860508
extreme_abs_151_h1,random_forest,ensemble,Philippines,f1,0.69,validation_selected,0.69,46397.0,6495.0,0.1399874991917581,0.9401254391447724,0.8848830288556463,0.7740746202624982,0.8081601231716705,0.7907502259716782,0.8779073698333453,38370.0,1532.0,1246.0,5249.0,0.0383940654603779,0.1918398768283294,0.9758121408227678,0.8818719376662267,,,,,,,,,,,,,,,,,
extreme_abs_151_h1,random_forest,ensemble,Philippines,f1,0.69,test_calibrated,,,,,,,,,,,,,,,,,,,20306.0,142.0,0.0069930069930069,0.9922682950851964,0.5066207101765523,0.1052631578947368,0.0140845070422535,0.0248447204968944,0.5104817407334785,20147.0,17.0,140.0,2.0,0.0008430866891489,0.9859154929577464,0.8844374020357016,0.0503585225588501
extreme_abs_151_h1,random_forest,ensemble,Philippines,f1,0.69,test_default_threshold,,,,,,,,,,,,,,,,,,,20306.0,142.0,0.0069930069930069,0.984339604057914,0.5445844078555843,0.0686274509803921,0.0985915492957746,0.0809248554913294,0.5365136868724715,19974.0,190.0,128.0,14.0,0.0094227335846062,0.9014084507042254,0.8844374020357016,0.0503585225588501
extreme_abs_151_h1,random_forest,ensemble,Russia,f1,0.7,validation_selected,0.7,47641.0,6331.0,0.1328897378308599,0.9428223588925504,0.8819006264625032,0.7770778921493317,0.7989259200758174,0.7878504672897196,0.8774045281791991,39859.0,1451.0,1273.0,5058.0,0.0351246671508109,0.2010740799241825,0.9760049979809478,0.8785559632980694,,,,,,,,,,,,,,,,,
extreme_abs_151_h1,random_forest,ensemble,Russia,f1,0.7,test_calibrated,,,,,,,,,,,,,,,,,,,12012.0,1231.0,0.1024808524808524,0.954045954045954,0.8495502098458106,0.8117539026629935,0.7181153533712429,0.7620689655172413,0.86831793281391,10576.0,205.0,347.0,884.0,0.0190149336796215,0.2818846466287571,0.9621938466075686,0.8126971640008517
extreme_abs_151_h1,random_forest,ensemble,Russia,f1,0.7,test_default_threshold,,,,,,,,,,,,,,,,,,,12012.0,1231.0,0.1024808524808524,0.9393106893106892,0.8963901050159625,0.6596692111959288,0.8424045491470349,0.7399215126650018,0.8527843744466331,10246.0,535.0,194.0,1037.0,0.0496243391151099,0.157595450852965,0.9621938466075686,0.8126971640008517
extreme_abs_151_h1,random_forest,ensemble,Saudi Arabia,f1,0.68,validation_selected,0.68,47834.0,6496.0,0.1358029853242463,0.9397917799055066,0.8839416797531441,0.7630966239813737,0.8072660098522167,0.7845601436265709,0.8747831094803571,39710.0,1628.0,1252.0,5244.0,0.0393826503459286,0.1927339901477832,0.97511564074563,0.8769104740806304,,,,,,,,,,,,,,,,,
extreme_abs_151_h1,random_forest,ensemble,Saudi Arabia,f1,0.68,test_calibrated,,,,,,,,,,,,,,,,,,,10725.0,135.0,0.0125874125874125,0.9866666666666668,0.4996222851746931,0.0,0.0,0.0,0.4966442953020134,10582.0,8.0,135.0,0.0,0.0007554296506137,1.0,0.625861574511244,0.0249503872439305
extreme_abs_151_h1,random_forest,ensemble,Saudi Arabia,f1,0.68,test_default_threshold,,,,,,,,,,,,,,,,,,,10725.0,135.0,0.0125874125874125,0.9756643356643356,0.5159899276046584,0.0434782608695652,0.0444444444444444,0.0439560439560439,0.5158156760366706,10458.0,132.0,129.0,6.0,0.0124645892351274,0.9555555555555556,0.625861574511244,0.0249503872439305
extreme_abs_151_h1,random_forest,ensemble,South Africa,f1,0.66,validation_selected,0.66,47834.0,6507.0,0.1360329472759961,0.939018271522348,0.8883130986894142,0.7541053227633069,0.8186568311049639,0.7850563702011643,0.8747626151041146,39590.0,1737.0,1180.0,5327.0,0.0420306337261354,0.1813431688950361,0.9745445349976642,0.8753416317605549,,,,,,,,,,,,,,,,,
extreme_abs_151_h1,random_forest,ensemble,South Africa,f1,0.66,test_calibrated,,,,,,,,,,,,,,,,,,,10725.0,61.0,0.0056876456876456,0.9943123543123544,0.5,0.0,0.0,0.0,0.4985740333816447,10664.0,0.0,61.0,0.0,0.0,1.0,0.9211303850552802,0.1094803634422665
extreme_abs_151_h1,random_forest,ensemble,South Africa,f1,0.66,test_default_threshold,,,,,,,,,,,,,,,,,,,10725.0,61.0,0.0056876456876456,0.993939393939394,0.5079622877030733,0.1666666666666666,0.0163934426229508,0.0298507462686567,0.5134054741491533,10659.0,5.0,60.0,1.0,0.0004688672168042,0.9836065573770492,0.9211303850552802,0.1094803634422665
extreme_abs_151_h1,random_forest,ensemble,South Korea,f1,0.69,validation_selected,0.69,47555.0,6497.0,0.1366207549153611,0.940090421617075,0.8819971957965469,0.7692648361381754,0.8020624903801755,0.7853213774395298,0.8752545620564381,39495.0,1563.0,1286.0,5211.0,0.0380680987870816,0.1979375096198245,0.9739807480774428,0.8740130898743914,,,,,,,,,,,,,,,,,
extreme_abs_151_h1,random_forest,ensemble,South Korea,f1,0.69,test_calibrated,,,,,,,,,,,,,,,,,,,12584.0,130.0,0.0103305785123966,0.9896694214876032,0.5,0.0,0.0,0.0,0.4974039460020768,12454.0,0.0,130.0,0.0,0.0,1.0,0.8883830959469309,0.1131013934459502
extreme_abs_151_h1,random_forest,ensemble,South Korea,f1,0.69,test_default_threshold,,,,,,,,,,,,,,,,,,,12584.0,130.0,0.0103305785123966,0.9872059758423396,0.5444274931748836,0.2181818181818181,0.0923076923076923,0.1297297297297297,0.5616426737749237,12411.0,43.0,118.0,12.0,0.0034527059579251,0.9076923076923076,0.8883830959469309,0.1131013934459502
extreme_abs_151_h1,random_forest,ensemble,Thailand,f1,0.7,validation_selected,0.7,47963.0,6508.0,0.1356879261097095,0.9410795821779288,0.8796448737706788,0.7760119940029985,0.7953288260602336,0.7855516770374867,0.8756998971062622,39961.0,1494.0,1332.0,5176.0,0.0360390785188758,0.2046711739397664,0.9747208616329036,0.876785796350837,,,,,,,,,,,,,,,,,
extreme_abs_151_h1,random_forest,ensemble,Thailand,f1,0.7,test_calibrated,,,,,,,,,,,,,,,,,,,9867.0,51.0,0.005168744299179,0.9937164284990372,0.4994396903015485,0.0,0.0,0.0,0.4984241561610411,9805.0,11.0,51.0,0.0,0.001120619396903,1.0,0.950490995094044,0.050709321420856
extreme_abs_151_h1,random_forest,ensemble,Thailand,f1,0.7,test_default_threshold,,,,,,,,,,,,,,,,,,,9867.0,51.0,0.005168744299179,0.9723320158102768,0.5959747590967928,0.0450819672131147,0.2156862745098039,0.0745762711864406,0.5302661694426982,9583.0,233.0,40.0,11.0,0.0237367563162184,0.7843137254901961,0.950490995094044,0.050709321420856
extreme_abs_151_h1,random_forest,ensemble,Turkey,f1,0.71,validation_selected,0.71,47855.0,6424.0,0.1342388465155156,0.9432034270191204,0.8828879141670619,0.7816965643052599,0.8004358655043586,0.7909552376557453,0.8790463183490798,39995.0,1436.0,1282.0,5142.0,0.0346600371702348,0.1995641344956413,0.9767890106742616,0.8818021109765742,,,,,,,,,,,,,,,,,
extreme_abs_151_h1,random_forest,ensemble,Turkey,f1,0.71,test_calibrated,,,,,,,,,,,,,,,,,,,10582.0,611.0,0.0577395577395577,0.9366849366849368,0.5485098274357338,0.3471502590673575,0.1096563011456628,0.1666666666666666,0.566879502292076,9845.0,126.0,544.0,67.0,0.0126366462741951,0.8903436988543372,0.8231491620297883,0.2439130498355403
extreme_abs_151_h1,random_forest,ensemble,Turkey,f1,0.71,test_default_threshold,,,,,,,,,,,,,,,,,,,10582.0,611.0,0.0577395577395577,0.914949914949915,0.6283904173166012,0.2813918305597579,0.3044189852700491,0.2924528301886792,0.6236042554321639,9496.0,475.0,425.0,186.0,0.0476381506368468,0.6955810147299509,0.8231491620297883,0.2439130498355403
extreme_abs_151_h1,random_forest,ensemble,United Kingdom,f1,0.67,validation_selected,0.67,47877.0,6516.0,0.1360987530547026,0.9395325521649226,0.8867175511152021,0.7590499356131063,0.8141497851442603,0.7856349500185117,0.8752184768451444,39677.0,1684.0,1211.0,5305.0,0.040714682913856,0.1858502148557397,0.9748738699215306,0.8771784736494046,,,,,,,,,,,,,,,,,
extreme_abs_151_h1,random_forest,ensemble,United Kingdom,f1,0.67,test_calibrated,,,,,,,,,,,,,,,,,,,10439.0,1.0,9.579461634256155e-05,0.9999042053836574,0.5,0.0,0.0,0.0,0.4999760501987833,10438.0,0.0,1.0,0.0,0.0,1.0,0.8200804751868174,0.0005321979776476
extreme_abs_151_h1,random_forest,ensemble,United Kingdom,f1,0.67,test_default_threshold,,,,,,,,,,,,,,,,,,,10439.0,1.0,9.579461634256155e-05,0.9999042053836574,0.5,0.0,0.0,0.0,0.4999760501987833,10438.0,0.0,1.0,0.0,0.0,1.0,0.8200804751868174,0.0005321979776476
extreme_abs_151_h1,random_forest,ensemble,United States,f1,0.69,validation_selected,0.69,45260.0,6511.0,0.1438577110030932,0.9376270437472382,0.8787279171128495,0.7761305780173705,0.7960374750422362,0.7859579952991129,0.8747262917489473,37254.0,1495.0,1328.0,5183.0,0.0385816408165372,0.2039625249577638,0.972975449163052,0.8752050174961851,,,,,,,,,,,,,,,,,
extreme_abs_151_h1,random_forest,ensemble,United States,f1,0.69,test_calibrated,,,,,,,,,,,,,,,,,,,27885.0,35.0,0.0012551551013089,0.9987448448986912,0.5,0.0,0.0,0.0,0.4996860141742172,27850.0,0.0,35.0,0.0,0.0,1.0,0.8921610669402411,0.0331794041642233
extreme_abs_151_h1,random_forest,ensemble,United States,f1,0.69,test_default_threshold,,,,,,,,,,,,,,,,,,,27885.0,35.0,0.0012551551013089,0.9985296754527524,0.528427802000513,0.2,0.0571428571428571,0.0888888888888888,0.5440765664722595,27842.0,8.0,33.0,2.0,0.0002872531418312,0.9428571428571428,0.8921610669402411,0.0331794041642233
extreme_abs_151_h1,random_forest,ensemble,Vietnam,f1,0.67,validation_selected,0.67,47813.0,6390.0,0.1336456612218434,0.941250287578692,0.8909170160431537,0.7584813050382561,0.8222222222222222,0.7890666065930765,0.8774695557112195,39750.0,1673.0,1136.0,5254.0,0.0403881901359148,0.1777777777777777,0.9761214512043898,0.8801825130919531,,,,,,,,,,,,,,,,,
extreme_abs_151_h1,random_forest,ensemble,Vietnam,f1,0.67,test_calibrated,,,,,,,,,,,,,,,,,,,10868.0,838.0,0.0771071034228929,0.9244571218255428,0.6380963315304683,0.5175257731958763,0.2995226730310262,0.3794406651549509,0.6696105985844318,9796.0,234.0,587.0,251.0,0.0233300099700897,0.7004773269689738,0.807112909481579,0.371725966142692
extreme_abs_151_h1,random_forest,ensemble,Vietnam,f1,0.67,test_default_threshold,,,,,,,,,,,,,,,,,,,10868.0,838.0,0.0771071034228929,0.8986934118513066,0.7001445544036149,0.37392138063279,0.4653937947494033,0.4146730462519936,0.679610509527407,9377.0,653.0,448.0,390.0,0.0651046859421734,0.5346062052505967,0.807112909481579,0.371725966142692
extreme_abs_151_h1,xgboost,boosting,Australia,f1,0.39,validation_selected,0.39,47877.0,6516.0,0.1360987530547026,0.945297324393759,0.8921873293419753,0.7874317745980233,0.8192142418661755,0.8030086498683716,0.8856237054748182,39920.0,1441.0,1178.0,5338.0,0.0348395831822248,0.1807857581338244,0.9783089536738382,0.8931910609166298,,,,,,,,,,,,,,,,,
extreme_abs_151_h1,xgboost,boosting,Australia,f1,0.39,test_calibrated,,,,,,,,,,,,,,,,,,,10439.0,1.0,9.579461634256155e-05,0.9999042053836574,0.5,0.0,0.0,0.0,0.4999760501987833,10438.0,0.0,1.0,0.0,0.0,1.0,0.3767963211343169,0.0001537042729787
extreme_abs_151_h1,xgboost,boosting,Australia,f1,0.39,test_default_threshold,,,,,,,,,,,,,,,,,,,10439.0,1.0,9.579461634256155e-05,0.9999042053836574,0.5,0.0,0.0,0.0,0.4999760501987833,10438.0,0.0,1.0,0.0,0.0,1.0,0.3767963211343169,0.0001537042729787
extreme_abs_151_h1,xgboost,boosting,Bangladesh,f1,0.34,validation_selected,0.34,47813.0,5396.0,0.11285633614289,0.947524731767511,0.8907641925495521,0.7432181971356361,0.8174573758339511,0.7785720589533139,0.8744037707424497,40893.0,1524.0,985.0,4411.0,0.0359289907348468,0.1825426241660489,0.9771396375318628,0.8680343731319483,,,,,,,,,,,,,,,,,
extreme_abs_151_h1,xgboost,boosting,Bangladesh,f1,0.34,test_calibrated,,,,,,,,,,,,,,,,,,,10868.0,7466.0,0.686970923813029,0.8446816341553184,0.8067920841382757,0.8712413261372398,0.9081167961425128,0.8892969569779643,0.814562165295394,2400.0,1002.0,686.0,6780.0,0.2945326278659612,0.0918832038574872,0.9175917106796352,0.9612604717100018
extreme_abs_151_h1,xgboost,boosting,Bangladesh,f1,0.34,test_default_threshold,,,,,,,,,,,,,,,,,,,10868.0,7466.0,0.686970923813029,0.8312476996687523,0.8303753027835535,0.9139958835636578,0.832708277524779,0.8714606111578357,0.8129397324669736,2817.0,585.0,1249.0,6217.0,0.1719576719576719,0.167291722475221,0.9175917106796352,0.9612604717100018
extreme_abs_151_h1,xgboost,boosting,Brazil,f1,0.37,validation_selected,0.37,47577.0,6346.0,0.1333837778758644,0.9448473001660466,0.8942500255090804,0.775622037914692,0.8252442483454144,0.7996640708505115,0.8838429547973918,39716.0,1515.0,1109.0,5237.0,0.0367441973272537,0.1747557516545855,0.9783890335284596,0.8885747952774817,,,,,,,,,,,,,,,,,
extreme_abs_151_h1,xgboost,boosting,Brazil,f1,0.37,test_calibrated,,,,,,,,,,,,,,,,,,,12441.0,1135.0,0.0912306084719877,0.9006510730648661,0.5486381251699811,0.3631436314363143,0.1180616740088105,0.1781914893617021,0.562660634748436,11071.0,235.0,1001.0,134.0,0.0207854236688483,0.8819383259911894,0.8249836155766186,0.306085510065472
extreme_abs_151_h1,xgboost,boosting,Brazil,f1,0.37,test_default_threshold,,,,,,,,,,,,,,,,,,,12441.0,1135.0,0.0912306084719877,0.9032232135680412,0.5124043917268208,0.2653061224489796,0.0343612334801762,0.0608424336973478,0.5049127422724028,11198.0,108.0,1096.0,39.0,0.0095524500265345,0.9656387665198238,0.8249836155766186,0.306085510065472
extreme_abs_151_h1,xgboost,boosting,China,f1,0.39,validation_selected,0.39,46161.0,6175.0,0.1337709321721799,0.9472715062498646,0.8941818685122789,0.7919463087248322,0.8217004048582996,0.806549038308695,0.8880124173233969,38653.0,1333.0,1101.0,5074.0,0.0333366678337418,0.1782995951417004,0.979133004243793,0.8969952861680928,,,,,,,,,,,,,,,,,
extreme_abs_151_h1,xgboost,boosting,China,f1,0.39,test_calibrated,,,,,,,,,,,,,,,,,,,21879.0,2273.0,0.1038895744778097,0.8085378673613968,0.8661389603970772,0.3450840879689521,0.9388473383194016,0.5046706870048481,0.6930027466921354,15556.0,4050.0,139.0,2134.0,0.2065694175252473,0.0611526616805983,0.9402884425469472,0.645131707714394
extreme_abs_151_h1,xgboost,boosting,China,f1,0.39,test_default_threshold,,,,,,,,,,,,,,,,,,,21879.0,2273.0,0.1038895744778097,0.848302024772613,0.8655729148878755,0.3970472440944882,0.8873735151781786,0.5486196110431116,0.7287254077739937,16543.0,3063.0,256.0,2017.0,0.1562276854024278,0.1126264848218213,0.9402884425469472,0.645131707714394
extreme_abs_151_h1,xgboost,boosting,Egypt,f1,0.36,validation_selected,0.36,47169.0,5761.0,0.1221353007271725,0.9538680065297124,0.9056590395277686,0.7931316434995912,0.8418677312966499,0.8167733243516335,0.8951927061718392,40143.0,1265.0,911.0,4850.0,0.0305496522411128,0.1581322687033501,0.9832948663057594,0.908954037588202,,,,,,,,,,,,,,,,,
extreme_abs_151_h1,xgboost,boosting,Egypt,f1,0.36,test_calibrated,,,,,,,,,,,,,,,,,,,15158.0,5032.0,0.3319699168755772,0.6316136693495185,0.6077062557090673,0.4536290322580645,0.5365659777424483,0.4916241806263656,0.601388336950882,6874.0,3252.0,2332.0,2700.0,0.3211534663243136,0.4634340222575516,0.6418539949890522,0.42391247301328
extreme_abs_151_h1,xgboost,boosting,Egypt,f1,0.36,test_default_threshold,,,,,,,,,,,,,,,,,,,15158.0,5032.0,0.3319699168755772,0.65114131151867,0.5876316519956655,0.4700093720712277,0.3986486486486486,0.4313978494623656,0.5898900172321344,7864.0,2262.0,3026.0,2006.0,0.2233853446573178,0.6013513513513513,0.6418539949890522,0.42391247301328
extreme_abs_151_h1,xgboost,boosting,Ethiopia,f1,0.37,validation_selected,0.37,47920.0,6392.0,0.1333889816360601,0.9459724540901504,0.8983436752355394,0.7775507225222595,0.8333854818523154,0.8045004908253417,0.8865777633612646,40004.0,1524.0,1065.0,5327.0,0.0366981313812367,0.1666145181476846,0.978877387926996,0.89276203851995,,,,,,,,,,,,,,,,,
extreme_abs_151_h1,xgboost,boosting,Ethiopia,f1,0.37,test_calibrated,,,,,,,,,,,,,,,,,,,10153.0,828.0,0.081552250566335,0.9225844577957254,0.6568709769333385,0.5403846153846154,0.3393719806763285,0.4169139465875371,0.6877269384799696,9086.0,239.0,547.0,281.0,0.0256300268096514,0.6606280193236715,0.915239085104454,0.5063698624906222
extreme_abs_151_h1,xgboost,boosting,Ethiopia,f1,0.37,test_default_threshold,,,,,,,,,,,,,,,,,,,10153.0,828.0,0.081552250566335,0.924554318920516,0.6029188198572742,0.6033333333333334,0.2185990338164251,0.3209219858156028,0.6404901930329447,9206.0,119.0,647.0,181.0,0.0127613941018766,0.7814009661835749,0.915239085104454,0.5063698624906222
extreme_abs_151_h1,xgboost,boosting,France,f1,0.35,validation_selected,0.35,47705.0,6516.0,0.1365894560318624,0.9430877266533906,0.8995403657436774,0.7661391961910097,0.8396255371393493,0.8012008493812697,0.8839955294574324,39519.0,1670.0,1045.0,5471.0,0.0405448056519944,0.1603744628606507,0.978040320532932,0.8906238278447683,,,,,,,,,,,,,,,,,
extreme_abs_151_h1,xgboost,boosting,France,f1,0.35,test_calibrated,,,,,,,,,,,,,,,,,,,11583.0,0.0,0.0,1.0,1.0,0.0,0.0,0.0,1.0,11583.0,0.0,0.0,0.0,0.0,0.0,,
extreme_abs_151_h1,xgboost,boosting,France,f1,0.35,test_default_threshold,,,,,,,,,,,,,,,,,,,11583.0,0.0,0.0,1.0,1.0,0.0,0.0,0.0,1.0,11583.0,0.0,0.0,0.0,0.0,0.0,,
extreme_abs_151_h1,xgboost,boosting,Germany,f1,0.33,validation_selected,0.33,47877.0,6516.0,0.1360987530547026,0.942352277711636,0.902312953461956,0.7577545978589075,0.8472989564149785,0.8000289813070569,0.883175365311865,39596.0,1765.0,995.0,5521.0,0.0426730494910664,0.1527010435850214,0.9782398185056106,0.8927458690248018,,,,,,,,,,,,,,,,,
extreme_abs_151_h1,xgboost,boosting,Germany,f1,0.33,test_calibrated,,,,,,,,,,,,,,,,,,,10439.0,0.0,0.0,1.0,1.0,0.0,0.0,0.0,1.0,10439.0,0.0,0.0,0.0,0.0,0.0,,
extreme_abs_151_h1,xgboost,boosting,Germany,f1,0.33,test_default_threshold,,,,,,,,,,,,,,,,,,,10439.0,0.0,0.0,1.0,1.0,0.0,0.0,0.0,1.0,10439.0,0.0,0.0,0.0,0.0,0.0,,
extreme_abs_151_h1,xgboost,boosting,India,f1,0.35,validation_selected,0.35,46375.0,5405.0,0.1165498652291105,0.9484851752021564,0.8900598167879432,0.7608094085091663,0.8138760407030527,0.7864485563600608,0.8785791572305803,39587.0,1383.0,1006.0,4399.0,0.0337564071271662,0.1861239592969472,0.9775616823934482,0.8781156444844582,,,,,,,,,,,,,,,,,
extreme_abs_151_h1,xgboost,boosting,India,f1,0.35,test_calibrated,,,,,,,,,,,,,,,,,,,20449.0,7406.0,0.3621692992322363,0.8660570199031737,0.8661148424303509,0.785793018983466,0.8663246016743181,0.8240960760387901,0.8579753093109022,11294.0,1749.0,990.0,6416.0,0.1340949168136165,0.1336753983256818,0.9475241524901462,0.9098797592433672
extreme_abs_151_h1,xgboost,boosting,India,f1,0.35,test_default_threshold,,,,,,,,,,,,,,,,,,,20449.0,7406.0,0.3621692992322363,0.8699691916475133,0.854913536270657,0.8339665118896862,0.8002970564407237,0.8167849514228622,0.8580039974093656,11863.0,1180.0,1479.0,5927.0,0.0904699838994096,0.1997029435592762,0.9475241524901462,0.9098797592433672
extreme_abs_151_h1,xgboost,boosting,Indonesia,f1,0.4,validation_selected,0.4,47426.0,6281.0,0.1324379032598153,0.9485514274870324,0.8992532902643211,0.7904128232269771,0.8321923260627289,0.8107646967581821,0.890496675229429,39759.0,1386.0,1054.0,5227.0,0.0336857455340867,0.1678076739372711,0.9802734896210216,0.8978655014177769,,,,,,,,,,,,,,,,,
extreme_abs_151_h1,xgboost,boosting,Indonesia,f1,0.4,test_calibrated,,,,,,,,,,,,,,,,,,,13442.0,1568.0,0.1166493081386698,0.8369290284183901,0.5628436379604899,0.2539432176656151,0.2053571428571428,0.2270803949224259,0.5679646818258172,10928.0,946.0,1246.0,322.0,0.079669866936163,0.7946428571428571,0.6838444827147635,0.2098567506433415
extreme_abs_151_h1,xgboost,boosting,Indonesia,f1,0.4,test_default_threshold,,,,,,,,,,,,,,,,,,,13442.0,1568.0,0.1166493081386698,0.8479392947478054,0.5308816553402563,0.2180094786729857,0.1173469387755102,0.1525704809286898,0.5345232267343678,11214.0,660.0,1384.0,184.0,0.0555836280949974,0.8826530612244898,0.6838444827147635,0.2098567506433415
extreme_abs_151_h1,xgboost,boosting,Japan,f1,0.37,validation_selected,0.37,46054.0,6516.0,0.1414860815564337,0.9422634298866548,0.8972230280302255,0.774832549522588,0.8344076120319214,0.8035173280130052,0.884838524012866,37958.0,1580.0,1079.0,5437.0,0.0399615559714704,0.1655923879680785,0.9773701165589632,0.8940998272619743,,,,,,,,,,,,,,,,,
extreme_abs_151_h1,xgboost,boosting,Japan,f1,0.37,test_calibrated,,,,,,,,,,,,,,,,,,,22594.0,0.0,0.0,1.0,1.0,0.0,0.0,0.0,1.0,22594.0,0.0,0.0,0.0,0.0,0.0,,
extreme_abs_151_h1,xgboost,boosting,Japan,f1,0.37,test_default_threshold,,,,,,,,,,,,,,,,,,,22594.0,0.0,0.0,1.0,1.0,0.0,0.0,0.0,1.0,22594.0,0.0,0.0,0.0,0.0,0.0,,
extreme_abs_151_h1,xgboost,boosting,Mexico,f1,0.37,validation_selected,0.37,47555.0,6335.0,0.1332141730627694,0.9450530964146776,0.89729947340143,0.772793902081501,0.8322020520915548,0.8013984950976667,0.8847571831948744,39670.0,1550.0,1063.0,5272.0,0.0376031052886948,0.1677979479084451,0.9792288247136376,0.8928545493092345,,,,,,,,,,,,,,,,,
extreme_abs_151_h1,xgboost,boosting,Mexico,f1,0.37,test_calibrated,,,,,,,,,,,,,,,,,,,12584.0,1206.0,0.0958359821996185,0.9157660521296884,0.8110895688546196,0.5487316421895861,0.681592039800995,0.6079881656804734,0.7804007779969319,10702.0,676.0,384.0,822.0,0.059412902091756,0.3184079601990049,0.8890100458625605,0.5926322972669542
extreme_abs_151_h1,xgboost,boosting,Mexico,f1,0.37,test_default_threshold,,,,,,,,,,,,,,,,,,,12584.0,1206.0,0.0958359821996185,0.9242689129052766,0.7720550146670992,0.6095238095238096,0.5837479270315091,0.5963574756459128,0.77728602944395,10927.0,451.0,502.0,704.0,0.0396378976973105,0.4162520729684908,0.8890100458625605,0.5926322972669542
extreme_abs_151_h1,xgboost,boosting,Nigeria,f1,0.36,validation_selected,0.36,47898.0,5913.0,0.1234498308906426,0.9465530919871392,0.8927940670265473,0.7635591888067914,0.8214104515474379,0.7914290369887568,0.8803892149815316,40481.0,1504.0,1056.0,4857.0,0.0358223174943432,0.1785895484525621,0.9783976064672094,0.8842511028761149,,,,,,,,,,,,,,,,,
extreme_abs_151_h1,xgboost,boosting,Nigeria,f1,0.36,test_calibrated,,,,,,,,,,,,,,,,,,,10296.0,4021.0,0.3905400155400155,0.8405205905205905,0.8435697845276442,0.7633384990037636,0.8574981347923402,0.8076832981962989,0.8357314782005221,5206.0,1069.0,573.0,3448.0,0.1703585657370518,0.1425018652076597,0.9212135888180676,0.8860236767727272
extreme_abs_151_h1,xgboost,boosting,Nigeria,f1,0.36,test_default_threshold,,,,,,,,,,,,,,,,,,,10296.0,4021.0,0.3905400155400155,0.8471250971250971,0.8367943198605726,0.8134768127081732,0.7896045759761253,0.8013629480060576,0.8385564345334993,5547.0,728.0,846.0,3175.0,0.11601593625498,0.2103954240238746,0.9212135888180676,0.8860236767727272
extreme_abs_151_h1,xgboost,boosting,Pakistan,f1,0.4,validation_selected,0.4,47748.0,5126.0,0.1073552818966239,0.9468878277624194,0.8659040364504689,0.7476099426386233,0.7627779945376512,0.7551178061027424,0.8626657858326725,41302.0,1320.0,1216.0,3910.0,0.0309699216367134,0.2372220054623488,0.9747441042438356,0.8469811043878851,,,,,,,,,,,,,,,,,
extreme_abs_151_h1,xgboost,boosting,Pakistan,f1,0.4,test_calibrated,,,,,,,,,,,,,,,,,,,11297.0,9269.0,0.8204833141542003,0.8365052668850137,0.7915449485602684,0.933933582787652,0.8616895026432193,0.8963582290556086,0.7546949326715294,1463.0,565.0,1282.0,7987.0,0.2785996055226824,0.1383104973567806,0.8961048982387687,0.9741075934702252
extreme_abs_151_h1,xgboost,boosting,Pakistan,f1,0.4,test_default_threshold,,,,,,,,,,,,,,,,,,,11297.0,9269.0,0.8204833141542003,0.7960520492166062,0.7925093570794294,0.9448205390215864,0.7980364656381487,0.865247397356416,0.7230167117786447,1596.0,432.0,1872.0,7397.0,0.2130177514792899,0.2019635343618513,0.8961048982387687,0.9741075934702252
extreme_abs_151_h1,xgboost,boosting,Philippines,f1,0.35,validation_selected,0.35,46397.0,6495.0,0.1399874991917581,0.9420005603810592,0.9031173237403154,0.7632161638527539,0.8491147036181679,0.8038772684206691,0.8849227122142044,38191.0,1711.0,980.0,5515.0,0.0428800561375369,0.1508852963818321,0.978540522818241,0.8939212008674114,,,,,,,,,,,,,,,,,
extreme_abs_151_h1,xgboost,boosting,Philippines,f1,0.35,test_calibrated,,,,,,,,,,,,,,,,,,,20306.0,142.0,0.0069930069930069,0.984536590170393,0.5306982741519539,0.0520833333333333,0.0704225352112676,0.059880239520958,0.526042210231704,19982.0,182.0,132.0,10.0,0.0090259869073596,0.9295774647887324,0.8995179667570987,0.0508581025820805
extreme_abs_151_h1,xgboost,boosting,Philippines,f1,0.35,test_default_threshold,,,,,,,,,,,,,,,,,,,20306.0,142.0,0.0069930069930069,0.9907908992416036,0.5093731402499504,0.0588235294117647,0.0211267605633802,0.0310880829015544,0.5132307729384439,20116.0,48.0,139.0,3.0,0.0023804800634794,0.9788732394366196,0.8995179667570987,0.0508581025820805
extreme_abs_151_h1,xgboost,boosting,Russia,f1,0.38,validation_selected,0.38,47641.0,6331.0,0.1328897378308599,0.9446695073571084,0.895136604048711,0.7722918201915991,0.8276733533407045,0.7990240927111925,0.8834713482566259,39765.0,1545.0,1091.0,5240.0,0.0374001452432825,0.1723266466592955,0.9785406720765256,0.8897826614302435,,,,,,,,,,,,,,,,,
extreme_abs_151_h1,xgboost,boosting,Russia,f1,0.38,test_calibrated,,,,,,,,,,,,,,,,,,,12012.0,1231.0,0.1024808524808524,0.9423909423909425,0.8412583258856199,0.7210828547990156,0.7140536149471974,0.7175510204081633,0.8427376868982506,10441.0,340.0,352.0,879.0,0.0315369631759577,0.2859463850528026,0.955695366528849,0.790890852305308
extreme_abs_151_h1,xgboost,boosting,Russia,f1,0.38,test_default_threshold,,,,,,,,,,,,,,,,,,,12012.0,1231.0,0.1024808524808524,0.9472194472194472,0.8166037507240187,0.7958374628344896,0.652315190901706,0.7169642857142857,0.843930178112376,10575.0,206.0,428.0,803.0,0.0191076894536684,0.3476848090982941,0.955695366528849,0.790890852305308
extreme_abs_151_h1,xgboost,boosting,Saudi Arabia,f1,0.34,validation_selected,0.34,47834.0,6496.0,0.1358029853242463,0.9420704937910273,0.9013490879108595,0.7565780410524866,0.8454433497536946,0.7985459832788077,0.8823587045299096,39571.0,1767.0,1004.0,5492.0,0.0427451739319754,0.1545566502463054,0.97815461587604,0.8894440410080552,,,,,,,,,,,,,,,,,
extreme_abs_151_h1,xgboost,boosting,Saudi Arabia,f1,0.34,test_calibrated,,,,,,,,,,,,,,,,,,,10725.0,135.0,0.0125874125874125,0.9818181818181818,0.5008236281607387,0.0161290322580645,0.0074074074074074,0.0101522842639593,0.5004885544972928,10529.0,61.0,134.0,1.0,0.0057601510859301,0.9925925925925926,0.6252481376560697,0.0247883192109361
extreme_abs_151_h1,xgboost,boosting,Saudi Arabia,f1,0.34,test_default_threshold,,,,,,,,,,,,,,,,,,,10725.0,135.0,0.0125874125874125,0.9853613053613054,0.498961284230406,0.0,0.0,0.0,0.4963133424129995,10568.0,22.0,135.0,0.0,0.0020774315391879,1.0,0.6252481376560697,0.0247883192109361
extreme_abs_151_h1,xgboost,boosting,South Africa,f1,0.39,validation_selected,0.39,47834.0,6507.0,0.1360329472759961,0.9431366810218672,0.8901138531283974,0.7764637173309972,0.8172737052405102,0.7963462114405511,0.8816506059632534,39796.0,1531.0,1189.0,5318.0,0.0370459989837152,0.1827262947594898,0.9773249045815772,0.887376476082561,,,,,,,,,,,,,,,,,
extreme_abs_151_h1,xgboost,boosting,South Africa,f1,0.39,test_calibrated,,,,,,,,,,,,,,,,,,,10725.0,61.0,0.0056876456876456,0.9943123543123544,0.5,0.0,0.0,0.0,0.4985740333816447,10664.0,0.0,61.0,0.0,0.0,1.0,0.9309243294430164,0.0968581608067342
extreme_abs_151_h1,xgboost,boosting,South Africa,f1,0.39,test_default_threshold,,,,,,,,,,,,,,,,,,,10725.0,61.0,0.0056876456876456,0.9943123543123544,0.5,0.0,0.0,0.0,0.4985740333816447,10664.0,0.0,61.0,0.0,0.0,1.0,0.9309243294430164,0.0968581608067342
extreme_abs_151_h1,xgboost,boosting,South Korea,f1,0.36,validation_selected,0.36,47555.0,6497.0,0.1366207549153611,0.9422353064872252,0.8969080690898881,0.7643078658020863,0.8345390180083115,0.7978809506290928,0.8820916425270982,39386.0,1672.0,1075.0,5422.0,0.0407228798285352,0.1654609819916884,0.9770913070240274,0.8867044050583041,,,,,,,,,,,,,,,,,
extreme_abs_151_h1,xgboost,boosting,South Korea,f1,0.36,test_calibrated,,,,,,,,,,,,,,,,,,,12584.0,130.0,0.0103305785123966,0.9893515575333756,0.5036454151276698,0.1666666666666666,0.0076923076923076,0.0147058823529411,0.5046763671911718,12449.0,5.0,129.0,1.0,0.000401477436968,0.9923076923076924,0.8164896048226705,0.0607239127022417
extreme_abs_151_h1,xgboost,boosting,South Korea,f1,0.36,test_default_threshold,,,,,,,,,,,,,,,,,,,12584.0,130.0,0.0103305785123966,0.9895899554990464,0.4999598522563032,0.0,0.0,0.0,0.4973838718696329,12453.0,1.0,130.0,0.0,8.029548739360848e-05,1.0,0.8164896048226705,0.0607239127022417
extreme_abs_151_h1,xgboost,boosting,Thailand,f1,0.38,validation_selected,0.38,47963.0,6508.0,0.1356879261097095,0.9432896190813752,0.8930996110518015,0.7729106628242075,0.8242163491087892,0.7977394408090422,0.8823804747875081,39879.0,1576.0,1144.0,5364.0,0.0380171270051863,0.1757836508912108,0.9774906469548776,0.8882735372978254,,,,,,,,,,,,,,,,,
extreme_abs_151_h1,xgboost,boosting,Thailand,f1,0.38,test_calibrated,,,,,,,,,,,,,,,,,,,9867.0,51.0,0.005168744299179,0.9888517279821628,0.5067476868498011,0.0163934426229508,0.0196078431372549,0.0178571428571428,0.5061255951774247,9756.0,60.0,50.0,1.0,0.0061124694376528,0.9803921568627452,0.9262348786295284,0.0423447333827065
extreme_abs_151_h1,xgboost,boosting,Thailand,f1,0.38,test_default_threshold,,,,,,,,,,,,,,,,,,,9867.0,51.0,0.005168744299179,0.993919124353907,0.499541564792176,0.0,0.0,0.0,0.4984751448612382,9807.0,9.0,51.0,0.0,0.0009168704156479,1.0,0.9262348786295284,0.0423447333827065
extreme_abs_151_h1,xgboost,boosting,Turkey,f1,0.36,validation_selected,0.36,47855.0,6424.0,0.1342388465155156,0.9438512172186816,0.9020050174647082,0.7625403962343684,0.8448007471980075,0.8015656155379958,0.8844323593030314,39741.0,1690.0,997.0,5427.0,0.0407907122685911,0.1551992528019925,0.9792685549016922,0.893663418094605,,,,,,,,,,,,,,,,,
extreme_abs_151_h1,xgboost,boosting,Turkey,f1,0.36,test_calibrated,,,,,,,,,,,,,,,,,,,10582.0,611.0,0.0577395577395577,0.9351729351729352,0.5553893525265824,0.3362445414847161,0.1260229132569558,0.1833333333333333,0.5747900675720002,9819.0,152.0,534.0,77.0,0.0152442082037909,0.8739770867430442,0.8292526231143968,0.239874394770868
extreme_abs_151_h1,xgboost,boosting,Turkey,f1,0.36,test_default_threshold,,,,,,,,,,,,,,,,,,,10582.0,611.0,0.0577395577395577,0.9408429408429408,0.5269024852924545,0.4137931034482758,0.0589198036006546,0.1031518624641833,0.5362822734582228,9920.0,51.0,575.0,36.0,0.0051148330157456,0.9410801963993454,0.8292526231143968,0.239874394770868
extreme_abs_151_h1,xgboost,boosting,United Kingdom,f1,0.39,validation_selected,0.39,47877.0,6516.0,0.1360987530547026,0.9433339599390104,0.8904691835882621,0.7773887673231218,0.8178330263965623,0.7970981975918031,0.8820833230897486,39835.0,1526.0,1187.0,5329.0,0.0368946592200382,0.1821669736034377,0.9776608232987992,0.8889556839413234,,,,,,,,,,,,,,,,,
extreme_abs_151_h1,xgboost,boosting,United Kingdom,f1,0.39,test_calibrated,,,,,,,,,,,,,,,,,,,10439.0,1.0,9.579461634256155e-05,0.9999042053836574,0.5,0.0,0.0,0.0,0.4999760501987833,10438.0,0.0,1.0,0.0,0.0,1.0,0.7920099635945583,0.0004604051565377
extreme_abs_151_h1,xgboost,boosting,United Kingdom,f1,0.39,test_default_threshold,,,,,,,,,,,,,,,,,,,10439.0,1.0,9.579461634256155e-05,0.9999042053836574,0.5,0.0,0.0,0.0,0.4999760501987833,10438.0,0.0,1.0,0.0,0.0,1.0,0.7920099635945583,0.0004604051565377
extreme_abs_151_h1,xgboost,boosting,United States,f1,0.41,validation_selected,0.41,45260.0,6511.0,0.1438577110030932,0.9408970393283252,0.887346047671648,0.7845697329376855,0.8121640301029028,0.7981284431363671,0.8817545631023046,37297.0,1452.0,1223.0,5288.0,0.0374719347596067,0.1878359698970972,0.9761039824932696,0.8868220395539033,,,,,,,,,,,,,,,,,
extreme_abs_151_h1,xgboost,boosting,United States,f1,0.41,test_calibrated,,,,,,,,,,,,,,,,,,,27885.0,35.0,0.0012551551013089,0.9987448448986912,0.5,0.0,0.0,0.0,0.4996860141742172,27850.0,0.0,35.0,0.0,0.0,1.0,0.9598789433187996,0.0318017454256293
extreme_abs_151_h1,xgboost,boosting,United States,f1,0.41,test_default_threshold,,,,,,,,,,,,,,,,,,,27885.0,35.0,0.0012551551013089,0.9987448448986912,0.5,0.0,0.0,0.0,0.4996860141742172,27850.0,0.0,35.0,0.0,0.0,1.0,0.9598789433187996,0.0318017454256293
extreme_abs_151_h1,xgboost,boosting,Vietnam,f1,0.36,validation_selected,0.36,47813.0,6390.0,0.1336456612218434,0.9445548281848032,0.9012947831595224,0.7661209964412812,0.8422535211267606,0.8023853894893775,0.8850695482071208,39780.0,1643.0,1008.0,5382.0,0.0396639548077155,0.1577464788732394,0.9789581963585962,0.8928558326853625,,,,,,,,,,,,,,,,,
extreme_abs_151_h1,xgboost,boosting,Vietnam,f1,0.36,test_calibrated,,,,,,,,,,,,,,,,,,,10868.0,838.0,0.0771071034228929,0.9217887375782112,0.6229804619554226,0.4870689655172414,0.269689737470167,0.34715821812596,0.6527804401777887,9792.0,238.0,612.0,226.0,0.023728813559322,0.7303102625298329,0.8285185017739146,0.3519898955785218
extreme_abs_151_h1,xgboost,boosting,Vietnam,f1,0.36,test_default_threshold,,,,,,,,,,,,,,,,,,,10868.0,838.0,0.0771071034228929,0.9228928965771072,0.5688978410829564,0.5,0.1503579952267303,0.2311926605504587,0.5953018422388059,9904.0,126.0,712.0,126.0,0.0125623130608175,0.8496420047732697,0.8285185017739146,0.3519898955785218
extreme_abs_151_h3,random_forest,ensemble,Australia,f1,0.62,validation_selected,0.62,47207.0,6407.0,0.1357213972504077,0.9397335140974856,0.8875088081510113,0.7584155542658154,0.8158264398314343,0.7860741409128505,0.8755002400304868,39135.0,1665.0,1180.0,5227.0,0.0408088235294117,0.1841735601685656,0.973374143476651,0.8704539857999951,,,,,,,,,,,,,,,,,
extreme_abs_151_h3,random_forest,ensemble,Australia,f1,0.62,test_calibrated,,,,,,,,,,,,,,,,,,,10293.0,1.0,9.71534052268532e-05,0.9999028465947732,0.5,0.0,0.0,0.0,0.4999757104687879,10292.0,0.0,1.0,0.0,0.0,1.0,0.5530994947532064,0.0002170609941393
extreme_abs_151_h3,random_forest,ensemble,Australia,f1,0.62,test_default_threshold,,,,,,,,,,,,,,,,,,,10293.0,1.0,9.71534052268532e-05,0.9999028465947732,0.5,0.0,0.0,0.0,0.4999757104687879,10292.0,0.0,1.0,0.0,0.0,1.0,0.5530994947532064,0.0002170609941393
extreme_abs_151_h3,random_forest,ensemble,Bangladesh,f1,0.68,validation_selected,0.68,47144.0,5308.0,0.1125912099100627,0.946058883421008,0.8732974391770413,0.7509529860228716,0.7793896006028636,0.7649070906905796,0.8672207099892979,40464.0,1372.0,1171.0,4137.0,0.0327947222487809,0.2206103993971364,0.9739440061032806,0.8480471045317101,,,,,,,,,,,,,,,,,
extreme_abs_151_h3,random_forest,ensemble,Bangladesh,f1,0.68,test_calibrated,,,,,,,,,,,,,,,,,,,10716.0,7331.0,0.6841172079134005,0.797685703620754,0.7293760113413286,0.8128711671312568,0.9148820079116082,0.8608651007572841,0.7451334050794967,1841.0,1544.0,624.0,6707.0,0.4561299852289512,0.0851179920883917,0.8633485570573314,0.9315886633233744
extreme_abs_151_h3,random_forest,ensemble,Bangladesh,f1,0.68,test_default_threshold,,,,,,,,,,,,,,,,,,,10716.0,7331.0,0.6841172079134005,0.7769690182904069,0.6723346578450065,0.7719916327204668,0.9564861546855816,0.8543925916900207,0.6890536095157955,1314.0,2071.0,319.0,7012.0,0.6118168389955687,0.0435138453144182,0.8633485570573314,0.9315886633233744
extreme_abs_151_h3,random_forest,ensemble,Brazil,f1,0.66,validation_selected,0.66,46911.0,6237.0,0.132953891411396,0.9426360555093688,0.8839780163598819,0.7734423195558298,0.8040724707391375,0.7884600267274585,0.8776395890779621,39205.0,1469.0,1222.0,5015.0,0.0361164380193735,0.1959275292608626,0.97570934168433,0.8761501563704546,,,,,,,,,,,,,,,,,
extreme_abs_151_h3,random_forest,ensemble,Brazil,f1,0.66,test_calibrated,,,,,,,,,,,,,,,,,,,12267.0,1135.0,0.0925246596559876,0.8941876579440776,0.4926787639238232,0.0,0.0,0.0,0.4720692029609227,10969.0,163.0,1135.0,0.0,0.0146424721523535,1.0,0.470789294980063,0.0791075121643759
extreme_abs_151_h3,random_forest,ensemble,Brazil,f1,0.66,test_default_threshold,,,,,,,,,,,,,,,,,,,12267.0,1135.0,0.0925246596559876,0.86777533219206,0.4793129621158037,0.0060851926977687,0.0026431718061674,0.0036855036855036,0.4664371812498941,10642.0,490.0,1132.0,3.0,0.0440172475745598,0.9973568281938326,0.470789294980063,0.0791075121643759
extreme_abs_151_h3,random_forest,ensemble,China,f1,0.64,validation_selected,0.64,45515.0,6075.0,0.1334724815994727,0.9428979457321762,0.8908096060902011,0.7680444170265268,0.8197530864197531,0.7930567720359901,0.879968128088314,37936.0,1504.0,1095.0,4980.0,0.0381338742393509,0.1802469135802469,0.9755296329685555,0.8790112427969758,,,,,,,,,,,,,,,,,
extreme_abs_151_h3,random_forest,ensemble,China,f1,0.64,test_calibrated,,,,,,,,,,,,,,,,,,,21573.0,2215.0,0.102674639595791,0.7959022852639874,0.800915178587046,0.3102012491325468,0.8072234762979684,0.4481764632159418,0.6614869292506473,15382.0,3976.0,427.0,1788.0,0.2053931191238764,0.1927765237020316,0.8791799378561997,0.419783395135604
extreme_abs_151_h3,random_forest,ensemble,China,f1,0.64,test_default_threshold,,,,,,,,,,,,,,,,,,,21573.0,2215.0,0.102674639595791,0.6996708849024244,0.8006684434920777,0.2454024361117745,0.927765237020316,0.3881386344319577,0.5945669060601598,13039.0,6319.0,160.0,2055.0,0.3264283500361608,0.0722347629796839,0.8791799378561997,0.419783395135604
extreme_abs_151_h3,random_forest,ensemble,Egypt,f1,0.66,validation_selected,0.66,46509.0,5662.0,0.1217398783031241,0.9513642520802426,0.8921364609861284,0.7922971114167813,0.813846697280113,0.8029273392577104,0.8875931766192894,39639.0,1208.0,1054.0,4608.0,0.0295737753078561,0.1861533027198869,0.9795256280129784,0.8917655465576925,,,,,,,,,,,,,,,,,
extreme_abs_151_h3,random_forest,ensemble,Egypt,f1,0.66,test_calibrated,,,,,,,,,,,,,,,,,,,14946.0,4966.0,0.3322628127927204,0.6133413622373879,0.5048451312613144,0.3445506692160612,0.1814337494965767,0.237699511937739,0.4893396488468221,8266.0,1714.0,4065.0,901.0,0.1717434869739479,0.8185662505034232,0.5857609298338926,0.3736630069611836
extreme_abs_151_h3,random_forest,ensemble,Egypt,f1,0.66,test_default_threshold,,,,,,,,,,,,,,,,,,,14946.0,4966.0,0.3322628127927204,0.6072527766626522,0.549858779177364,0.4031290184312044,0.3787756745871929,0.3905730897009967,0.5504198123727095,7195.0,2785.0,3085.0,1881.0,0.2790581162324649,0.6212243254128071,0.5857609298338926,0.3736630069611836
extreme_abs_151_h3,random_forest,ensemble,Ethiopia,f1,0.67,validation_selected,0.67,47250.0,6288.0,0.133079365079365,0.9431322751322752,0.8807751347273641,0.781020758545341,0.7958015267175572,0.7883418668767231,0.8777477319225617,39559.0,1403.0,1284.0,5004.0,0.0342512572628289,0.2041984732824427,0.9751519821542538,0.8753455860372654,,,,,,,,,,,,,,,,,
extreme_abs_151_h3,random_forest,ensemble,Ethiopia,f1,0.67,test_calibrated,,,,,,,,,,,,,,,,,,,10011.0,797.0,0.0796124263310358,0.9237838377784438,0.6210471817612117,0.5445026178010471,0.260978670012547,0.3528413910093299,0.6561744502146368,9040.0,174.0,589.0,208.0,0.0188843064901237,0.739021329987453,0.8488769340420542,0.3990595310441834
extreme_abs_151_h3,random_forest,ensemble,Ethiopia,f1,0.67,test_default_threshold,,,,,,,,,,,,,,,,,,,10011.0,797.0,0.0796124263310358,0.8997103186494856,0.683616783580929,0.3833145434047351,0.4265997490589711,0.4038004750593824,0.6745253874915191,8667.0,547.0,457.0,340.0,0.059366181897113,0.5734002509410289,0.8488769340420542,0.3990595310441834
extreme_abs_151_h3,random_forest,ensemble,France,f1,0.62,validation_selected,0.62,47038.0,6407.0,0.1362090224924529,0.9385603129384752,0.8885792519677597,0.7516096723422521,0.8198845013266739,0.7842639593908629,0.8742217169289466,38895.0,1736.0,1154.0,5253.0,0.0427259973911545,0.180115498673326,0.9724785399813802,0.8698487304536576,,,,,,,,,,,,,,,,,
extreme_abs_151_h3,random_forest,ensemble,France,f1,0.62,test_calibrated,,,,,,,,,,,,,,,,,,,11421.0,0.0,0.0,1.0,1.0,0.0,0.0,0.0,1.0,11421.0,0.0,0.0,0.0,0.0,0.0,,
extreme_abs_151_h3,random_forest,ensemble,France,f1,0.62,test_default_threshold,,,,,,,,,,,,,,,,,,,11421.0,0.0,0.0,1.0,1.0,0.0,0.0,0.0,1.0,11421.0,0.0,0.0,0.0,0.0,0.0,,
extreme_abs_151_h3,random_forest,ensemble,Germany,f1,0.66,validation_selected,0.66,47207.0,6407.0,0.1357213972504077,0.9400936301819646,0.8776520759310436,0.7724158928299589,0.7919463087248322,0.782059186189889,0.8736666912555084,39305.0,1495.0,1333.0,5074.0,0.0366421568627451,0.2080536912751678,0.9729378368328758,0.8698062469279413,,,,,,,,,,,,,,,,,
extreme_abs_151_h3,random_forest,ensemble,Germany,f1,0.66,test_calibrated,,,,,,,,,,,,,,,,,,,10293.0,0.0,0.0,1.0,1.0,0.0,0.0,0.0,1.0,10293.0,0.0,0.0,0.0,0.0,0.0,,
extreme_abs_151_h3,random_forest,ensemble,Germany,f1,0.66,test_default_threshold,,,,,,,,,,,,,,,,,,,10293.0,0.0,0.0,1.0,1.0,0.0,0.0,0.0,1.0,10293.0,0.0,0.0,0.0,0.0,0.0,,
extreme_abs_151_h3,random_forest,ensemble,India,f1,0.64,validation_selected,0.64,45727.0,5316.0,0.1162551665318083,0.9451090165547708,0.8810533934626826,0.7472682410997532,0.7975921745673439,0.7716105550500455,0.8702082403406919,38977.0,1434.0,1076.0,4240.0,0.0354853876419786,0.2024078254326561,0.9741475935961904,0.8590735214988039,,,,,,,,,,,,,,,,,
extreme_abs_151_h3,random_forest,ensemble,India,f1,0.64,test_calibrated,,,,,,,,,,,,,,,,,,,20163.0,7276.0,0.3608589991568715,0.8421365868174379,0.8321615878503776,0.7730486991327552,0.7963166575041232,0.7845101888836233,0.8299776536278809,11186.0,1701.0,1482.0,5794.0,0.1319934818033677,0.2036833424958768,0.9199754917069346,0.8414479028757551
extreme_abs_151_h3,random_forest,ensemble,India,f1,0.64,test_default_threshold,,,,,,,,,,,,,,,,,,,20163.0,7276.0,0.3608589991568715,0.8284977433913604,0.8430943679131153,0.7071847189060126,0.8955470038482682,0.7902971497877501,0.8226112364142644,10189.0,2698.0,760.0,6516.0,0.2093582680220377,0.1044529961517317,0.9199754917069346,0.8414479028757551
extreme_abs_151_h3,random_forest,ensemble,Indonesia,f1,0.64,validation_selected,0.64,46763.0,6172.0,0.1319846887496525,0.9436306481620084,0.8998671272423053,0.7585551330798479,0.8404082955281919,0.7973866256725596,0.8823238955775983,38940.0,1651.0,985.0,5187.0,0.040674041043581,0.1595917044718081,0.9770055522653442,0.8831259924035529,,,,,,,,,,,,,,,,,
extreme_abs_151_h3,random_forest,ensemble,Indonesia,f1,0.64,test_calibrated,,,,,,,,,,,,,,,,,,,13254.0,1568.0,0.1183039082541119,0.8380866153614003,0.475269553311655,0.0,0.0,0.0,0.4559559970445776,11108.0,578.0,1568.0,0.0,0.04946089337669,1.0,0.3887443155424073,0.0883935373467466
extreme_abs_151_h3,random_forest,ensemble,Indonesia,f1,0.64,test_default_threshold,,,,,,,,,,,,,,,,,,,13254.0,1568.0,0.1183039082541119,0.7627131432020522,0.4341826474728176,0.0037759597230962,0.0038265306122448,0.0038010769718086,0.4345586687586978,10103.0,1583.0,1562.0,6.0,0.1354612356666096,0.9961734693877552,0.3887443155424073,0.0883935373467466
extreme_abs_151_h3,random_forest,ensemble,Japan,f1,0.64,validation_selected,0.64,45410.0,6407.0,0.1410922704250165,0.9371283858181018,0.8805054820013785,0.7642857142857142,0.8016232245980959,0.7825093319113278,0.8728810673045628,37419.0,1584.0,1271.0,5136.0,0.0406122605953388,0.1983767754019041,0.972769796623641,0.8730710147019489,,,,,,,,,,,,,,,,,
extreme_abs_151_h3,random_forest,ensemble,Japan,f1,0.64,test_calibrated,,,,,,,,,,,,,,,,,,,22278.0,0.0,0.0,1.0,1.0,0.0,0.0,0.0,1.0,22278.0,0.0,0.0,0.0,0.0,0.0,,
extreme_abs_151_h3,random_forest,ensemble,Japan,f1,0.64,test_default_threshold,,,,,,,,,,,,,,,,,,,22278.0,0.0,0.0,1.0,1.0,0.0,0.0,0.0,1.0,22278.0,0.0,0.0,0.0,0.0,0.0,,
extreme_abs_151_h3,random_forest,ensemble,Mexico,f1,0.63,validation_selected,0.63,46890.0,6231.0,0.1328854766474728,0.9423117935593944,0.8956634499580414,0.7575978959672706,0.8321296742095972,0.7931166347992352,0.879799752254955,39000.0,1659.0,1046.0,5185.0,0.0408027742935143,0.1678703257904028,0.9757324195261656,0.8779526223101918,,,,,,,,,,,,,,,,,
extreme_abs_151_h3,random_forest,ensemble,Mexico,f1,0.63,test_calibrated,,,,,,,,,,,,,,,,,,,12408.0,1178.0,0.0949387491940683,0.9125564152159896,0.7385541849913901,0.5407537248028046,0.5237691001697793,0.5321259163432513,0.7419486318170005,10706.0,524.0,561.0,617.0,0.0466607301869991,0.4762308998302207,0.8099897648640026,0.4980401917062898
extreme_abs_151_h3,random_forest,ensemble,Mexico,f1,0.63,test_default_threshold,,,,,,,,,,,,,,,,,,,12408.0,1178.0,0.0949387491940683,0.8947453255963894,0.7849433136744138,0.4613992762364294,0.6494057724957555,0.5394922425952046,0.7400372950919608,10337.0,893.0,413.0,765.0,0.0795191451469278,0.3505942275042444,0.8099897648640026,0.4980401917062898
extreme_abs_151_h3,random_forest,ensemble,Nigeria,f1,0.65,validation_selected,0.65,47228.0,5817.0,0.1231684593884983,0.9434445667824172,0.8863333926514091,0.7503182686187142,0.8105552690390235,0.779274440128915,0.8734208397596794,39842.0,1569.0,1102.0,4715.0,0.0378884837362053,0.1894447309609764,0.9742800721565849,0.8670797464243134,,,,,,,,,,,,,,,,,
extreme_abs_151_h3,random_forest,ensemble,Nigeria,f1,0.65,test_calibrated,,,,,,,,,,,,,,,,,,,10152.0,3938.0,0.3879038613081166,0.8146178092986603,0.8100154911589894,0.7469966362325805,0.7894870492635856,0.7676543209876543,0.8067212935649514,5161.0,1053.0,829.0,3109.0,0.1694560669456067,0.2105129507364144,0.8755983678788194,0.8490820692303453
extreme_abs_151_h3,random_forest,ensemble,Nigeria,f1,0.65,test_default_threshold,,,,,,,,,,,,,,,,,,,10152.0,3938.0,0.3879038613081166,0.7851654846335697,0.7988386698035841,0.6751744765702892,0.8598273235144743,0.7563945046353178,0.7821264215538495,4585.0,1629.0,552.0,3386.0,0.2621499839073061,0.1401726764855256,0.8755983678788194,0.8490820692303453
extreme_abs_151_h3,random_forest,ensemble,Pakistan,f1,0.67,validation_selected,0.67,47080.0,5038.0,0.1070093457943925,0.9430118946474086,0.8618703504854472,0.7226318774815655,0.758634378721715,0.7401956037571414,0.8540957501805521,40575.0,1467.0,1216.0,3822.0,0.0348936777508206,0.241365621278285,0.9715654673687908,0.8281384459262555,,,,,,,,,,,,,,,,,
extreme_abs_151_h3,random_forest,ensemble,Pakistan,f1,0.67,test_calibrated,,,,,,,,,,,,,,,,,,,11139.0,9129.0,0.8195529221653649,0.825388275428674,0.7704844165632567,0.924988168480833,0.8563917186986526,0.8893692053921848,0.737637551386746,1376.0,634.0,1311.0,7818.0,0.3154228855721393,0.1436082813013473,0.865546732325883,0.9609652190795172
extreme_abs_151_h3,random_forest,ensemble,Pakistan,f1,0.67,test_default_threshold,,,,,,,,,,,,,,,,,,,11139.0,9129.0,0.8195529221653649,0.8770087081425622,0.7600765479209277,0.9101384924410614,0.943038667981159,0.9262965353991822,0.7775114113310274,1160.0,850.0,520.0,8609.0,0.4228855721393035,0.056961332018841,0.865546732325883,0.9609652190795172
extreme_abs_151_h3,random_forest,ensemble,Philippines,f1,0.64,validation_selected,0.64,45748.0,6387.0,0.1396126606627612,0.937724053510536,0.8838004306044422,0.7603001765744556,0.8089870048536089,0.7838883410452856,0.8737543425247369,37732.0,1629.0,1220.0,5167.0,0.0413861436447244,0.1910129951463911,0.9732558369920334,0.8741558101731772,,,,,,,,,,,,,,,,,
extreme_abs_151_h3,random_forest,ensemble,Philippines,f1,0.64,test_calibrated,,,,,,,,,,,,,,,,,,,20022.0,138.0,0.0068924183398261,0.9894615922485266,0.505360438368625,0.0259740259740259,0.0144927536231884,0.0186046511627906,0.5066535018599864,19809.0,75.0,136.0,2.0,0.0037718768859384,0.9855072463768116,0.8911046387890343,0.0444823511031682
extreme_abs_151_h3,random_forest,ensemble,Philippines,f1,0.64,test_default_threshold,,,,,,,,,,,,,,,,,,,20022.0,138.0,0.0068924183398261,0.9812206572769951,0.5587800547523462,0.0656934306569343,0.1304347826086956,0.087378640776699,0.5389456788865328,19628.0,256.0,120.0,18.0,0.0128746731040032,0.8695652173913043,0.8911046387890343,0.0444823511031682
extreme_abs_151_h3,random_forest,ensemble,Russia,f1,0.65,validation_selected,0.65,46975.0,6225.0,0.1325172964342735,0.9394145822245876,0.8813765984182127,0.7555589169565875,0.8024096385542169,0.7782798379557495,0.8715967081881221,39134.0,1616.0,1230.0,4995.0,0.0396564417177914,0.1975903614457831,0.9738421662108556,0.8695094500678814,,,,,,,,,,,,,,,,,
extreme_abs_151_h3,random_forest,ensemble,Russia,f1,0.65,test_calibrated,,,,,,,,,,,,,,,,,,,11844.0,1213.0,0.1024147247551502,0.9427558257345492,0.7570445064803326,0.8639455782312925,0.5234954657873042,0.6519507186858317,0.8103819830779664,10531.0,100.0,578.0,635.0,0.009406452826639,0.4765045342126958,0.9222170102012324,0.7152398693567223
extreme_abs_151_h3,random_forest,ensemble,Russia,f1,0.65,test_default_threshold,,,,,,,,,,,,,,,,,,,11844.0,1213.0,0.1024147247551502,0.934228301249578,0.7928279945962139,0.7051039697542533,0.6150041220115416,0.6569793042712462,0.8103031647657767,10319.0,312.0,467.0,746.0,0.0293481328191139,0.3849958779884583,0.9222170102012324,0.7152398693567223
extreme_abs_151_h3,random_forest,ensemble,Saudi Arabia,f1,0.63,validation_selected,0.63,47165.0,6387.0,0.135418212657691,0.939022580303191,0.8882818310216685,0.7526990067655103,0.818694222639737,0.784310784460777,0.8744014290717139,39060.0,1718.0,1158.0,5229.0,0.0421305605964,0.181305777360263,0.9740683443980296,0.8716091377744143,,,,,,,,,,,,,,,,,
extreme_abs_151_h3,random_forest,ensemble,Saudi Arabia,f1,0.63,test_calibrated,,,,,,,,,,,,,,,,,,,10575.0,134.0,0.0126713947990543,0.9867612293144208,0.4997126712000766,0.0,0.0,0.0,0.4966682532127558,10435.0,6.0,134.0,0.0,0.0005746575998467,1.0,0.5288408069793739,0.013858813247082
extreme_abs_151_h3,random_forest,ensemble,Saudi Arabia,f1,0.63,test_default_threshold,,,,,,,,,,,,,,,,,,,10575.0,134.0,0.0126713947990543,0.9791016548463356,0.495833732401111,0.0,0.0,0.0,0.4947202446366286,10354.0,87.0,134.0,0.0,0.0083325351977779,1.0,0.5288408069793739,0.013858813247082
extreme_abs_151_h3,random_forest,ensemble,South Africa,f1,0.64,validation_selected,0.64,47165.0,6398.0,0.1356514364465175,0.9385137284002968,0.8819444973210738,0.7574330291433617,0.8043138480775243,0.7801697998787144,0.872214111899228,39119.0,1648.0,1252.0,5146.0,0.0404248534353766,0.1956861519224757,0.9726534763432286,0.8687405131291193,,,,,,,,,,,,,,,,,
extreme_abs_151_h3,random_forest,ensemble,South Africa,f1,0.64,test_calibrated,,,,,,,,,,,,,,,,,,,10575.0,61.0,0.0057683215130023,0.9942316784869976,0.5,0.0,0.0,0.0,0.4985537483996396,10514.0,0.0,61.0,0.0,0.0,1.0,0.8465262553909386,0.0207290128488306
extreme_abs_151_h3,random_forest,ensemble,South Africa,f1,0.64,test_default_threshold,,,,,,,,,,,,,,,,,,,10575.0,61.0,0.0057683215130023,0.9942316784869976,0.5,0.0,0.0,0.0,0.4985537483996396,10514.0,0.0,61.0,0.0,0.0,1.0,0.8465262553909386,0.0207290128488306
extreme_abs_151_h3,random_forest,ensemble,South Korea,f1,0.65,validation_selected,0.65,46890.0,6388.0,0.1362337385370015,0.9390914907229686,0.8816089255485486,0.762719428741446,0.802598622417032,0.7821510297482838,0.8733737670124833,38907.0,1595.0,1261.0,5127.0,0.0393807713199348,0.197401377582968,0.9737567711198164,0.8720837665468978,,,,,,,,,,,,,,,,,
extreme_abs_151_h3,random_forest,ensemble,South Korea,f1,0.65,test_calibrated,,,,,,,,,,,,,,,,,,,12408.0,127.0,0.0102353320438426,0.9897646679561574,0.5,0.0,0.0,0.0,0.4974280043744177,12281.0,0.0,127.0,0.0,0.0,1.0,0.7810522239398032,0.0387685085493551
extreme_abs_151_h3,random_forest,ensemble,South Korea,f1,0.65,test_default_threshold,,,,,,,,,,,,,,,,,,,12408.0,127.0,0.0102353320438426,0.98928110896196,0.5036520147952762,0.125,0.0078740157480314,0.0148148148148148,0.5047130271148746,12274.0,7.0,126.0,1.0,0.000569986157479,0.9921259842519684,0.7810522239398032,0.0387685085493551
extreme_abs_151_h3,random_forest,ensemble,Thailand,f1,0.6,validation_selected,0.6,47292.0,6400.0,0.1353294426118582,0.9368603569314048,0.8923856056808177,0.7361649142224682,0.83140625,0.7808922805987673,0.8720040235940127,38985.0,1907.0,1079.0,5321.0,0.0466350386383644,0.16859375,0.9725858091130296,0.8691532187744758,,,,,,,,,,,,,,,,,
extreme_abs_151_h3,random_forest,ensemble,Thailand,f1,0.6,test_calibrated,,,,,,,,,,,,,,,,,,,9729.0,51.0,0.0052420598211532,0.97574262514133,0.6367261101588807,0.0697674418604651,0.2941176470588235,0.112781954887218,0.5502425822789571,9478.0,200.0,36.0,15.0,0.0206654267410622,0.7058823529411765,0.9496351133964642,0.055693622140378
extreme_abs_151_h3,random_forest,ensemble,Thailand,f1,0.6,test_default_threshold,,,,,,,,,,,,,,,,,,,9729.0,51.0,0.0052420598211532,0.9612498715181416,0.6782028372415302,0.0546448087431694,0.392156862745098,0.0959232613908872,0.5380619405531192,9332.0,346.0,31.0,20.0,0.0357511882620376,0.6078431372549019,0.9496351133964642,0.055693622140378
extreme_abs_151_h3,random_forest,ensemble,Turkey,f1,0.61,validation_selected,0.61,47186.0,6317.0,0.1338744542872886,0.9392616454032976,0.8944728488483997,0.7438180019782393,0.8333069495013455,0.7860235926534269,0.8753156319363853,39056.0,1813.0,1053.0,5264.0,0.0443612518045462,0.1666930504986544,0.9755176670326162,0.874722807197824,,,,,,,,,,,,,,,,,
extreme_abs_151_h3,random_forest,ensemble,Turkey,f1,0.61,test_calibrated,,,,,,,,,,,,,,,,,,,10434.0,600.0,0.0575043128234617,0.9265861606287138,0.5572889973561115,0.2514970059880239,0.14,0.1798715203426124,0.5707223559373341,9584.0,250.0,516.0,84.0,0.0254220052877771,0.86,0.7855031862246626,0.1993546120239234
extreme_abs_151_h3,random_forest,ensemble,Turkey,f1,0.61,test_default_threshold,,,,,,,,,,,,,,,,,,,10434.0,600.0,0.0575043128234617,0.9155645006708836,0.6163885499288184,0.2715447154471544,0.2783333333333333,0.2748971193415638,0.615034678838339,9386.0,448.0,433.0,167.0,0.0455562334756965,0.7216666666666667,0.7855031862246626,0.1993546120239234
extreme_abs_151_h3,random_forest,ensemble,United Kingdom,f1,0.62,validation_selected,0.62,47207.0,6407.0,0.1357213972504077,0.9371703349079584,0.8856312565606859,0.7457506070561348,0.8148899641017637,0.7787887828162291,0.8710871055280562,39020.0,1780.0,1186.0,5221.0,0.0436274509803921,0.1851100358982363,0.9722634863216396,0.867987386402614,,,,,,,,,,,,,,,,,
extreme_abs_151_h3,random_forest,ensemble,United Kingdom,f1,0.62,test_calibrated,,,,,,,,,,,,,,,,,,,10293.0,1.0,9.71534052268532e-05,0.9999028465947732,0.5,0.0,0.0,0.0,0.4999757104687879,10292.0,0.0,1.0,0.0,0.0,1.0,0.9221725612125924,0.0012468827930174
extreme_abs_151_h3,random_forest,ensemble,United Kingdom,f1,0.62,test_default_threshold,,,,,,,,,,,,,,,,,,,10293.0,1.0,9.71534052268532e-05,0.9999028465947732,0.5,0.0,0.0,0.0,0.4999757104687879,10292.0,0.0,1.0,0.0,0.0,1.0,0.9221725612125924,0.0012468827930174
extreme_abs_151_h3,random_forest,ensemble,United States,f1,0.62,validation_selected,0.62,44627.0,6402.0,0.143455755484348,0.9358684204629484,0.8856449311029153,0.7565961148158886,0.8152139956263668,0.784812030075188,0.8735656642989891,36546.0,1679.0,1183.0,5219.0,0.0439241334205363,0.1847860043736332,0.9722371994199818,0.8747714328791657,,,,,,,,,,,,,,,,,
extreme_abs_151_h3,random_forest,ensemble,United States,f1,0.62,test_calibrated,,,,,,,,,,,,,,,,,,,27495.0,35.0,0.0012729587197672,0.9987270412802328,0.5,0.0,0.0,0.0,0.4996815576380675,27460.0,0.0,35.0,0.0,0.0,1.0,0.6499458953282697,0.0050321973364724
extreme_abs_151_h3,random_forest,ensemble,United States,f1,0.62,test_default_threshold,,,,,,,,,,,,,,,,,,,27495.0,35.0,0.0012729587197672,0.9987270412802328,0.5,0.0,0.0,0.0,0.4996815576380675,27460.0,0.0,35.0,0.0,0.0,1.0,0.6499458953282697,0.0050321973364724
extreme_abs_151_h3,random_forest,ensemble,Vietnam,f1,0.6,validation_selected,0.6,47144.0,6284.0,0.1332937383336161,0.9386772441880196,0.8959462501476063,0.737771548703574,0.8376830044557607,0.7845592070944184,0.8744050162517065,38989.0,1871.0,1020.0,5264.0,0.0457905041605482,0.1623169955442393,0.974289914748253,0.8726249197083136,,,,,,,,,,,,,,,,,
extreme_abs_151_h3,random_forest,ensemble,Vietnam,f1,0.6,test_calibrated,,,,,,,,,,,,,,,,,,,10716.0,821.0,0.0766144083613288,0.929357969391564,0.614930522003571,0.5952380952380952,0.243605359317905,0.3457216940363007,0.6541925362906534,9759.0,136.0,621.0,200.0,0.013744315310763,0.756394640682095,0.778763865902574,0.3751975965952021
extreme_abs_151_h3,random_forest,ensemble,Vietnam,f1,0.6,test_default_threshold,,,,,,,,,,,,,,,,,,,10716.0,821.0,0.0766144083613288,0.91993281075028,0.6796372877454441,0.4730713245997088,0.3958587088915956,0.4310344827586206,0.6939854204598163,9533.0,362.0,496.0,325.0,0.0365841334007074,0.6041412911084044,0.778763865902574,0.3751975965952021
extreme_abs_151_h3,xgboost,boosting,Australia,f1,0.33,validation_selected,0.33,47207.0,6407.0,0.1357213972504077,0.9420848602961424,0.8959080696817512,0.7625446747676912,0.832526923677228,0.7960005969258319,0.8811262551113137,39139.0,1661.0,1073.0,5334.0,0.0407107843137254,0.1674730763227719,0.9758825709931233,0.8832977174396486,,,,,,,,,,,,,,,,,
extreme_abs_151_h3,xgboost,boosting,Australia,f1,0.33,test_calibrated,,,,,,,,,,,,,,,,,,,10293.0,1.0,9.71534052268532e-05,0.9999028465947732,0.5,0.0,0.0,0.0,0.4999757104687879,10292.0,0.0,1.0,0.0,0.0,1.0,0.8635833657209484,0.0007117437722419
extreme_abs_151_h3,xgboost,boosting,Australia,f1,0.33,test_default_threshold,,,,,,,,,,,,,,,,,,,10293.0,1.0,9.71534052268532e-05,0.9999028465947732,0.5,0.0,0.0,0.0,0.4999757104687879,10292.0,0.0,1.0,0.0,0.0,1.0,0.8635833657209484,0.0007117437722419
extreme_abs_151_h3,xgboost,boosting,Bangladesh,f1,0.34,validation_selected,0.34,47144.0,5308.0,0.1125912099100627,0.947289156626506,0.8906865617947801,0.7409936827727506,0.8176337603617182,0.7774294670846394,0.8737670054766821,40319.0,1517.0,968.0,4340.0,0.0362606367721579,0.1823662396382818,0.9761442376854164,0.8618725743794573,,,,,,,,,,,,,,,,,
extreme_abs_151_h3,xgboost,boosting,Bangladesh,f1,0.34,test_calibrated,,,,,,,,,,,,,,,,,,,10716.0,7331.0,0.6841172079134005,0.8010451661067562,0.7348526028256204,0.8165875045670442,0.914609193834402,0.8628233174623601,0.7504269388670035,1879.0,1506.0,626.0,6705.0,0.444903988183161,0.0853908061655981,0.880075303938859,0.942985729183728
extreme_abs_151_h3,xgboost,boosting,Bangladesh,f1,0.34,test_default_threshold,,,,,,,,,,,,,,,,,,,10716.0,7331.0,0.6841172079134005,0.812989921612542,0.782859095558873,0.862331655557067,0.8646842177056336,0.863506334286882,0.7833087226989965,2373.0,1012.0,992.0,6339.0,0.2989660265878877,0.1353157822943664,0.880075303938859,0.942985729183728
extreme_abs_151_h3,xgboost,boosting,Brazil,f1,0.33,validation_selected,0.33,46911.0,6237.0,0.132953891411396,0.943979024109484,0.8997525947051442,0.7629316625382486,0.8395061728395061,0.7993893129770993,0.8834165662529261,39047.0,1627.0,1001.0,5236.0,0.0400009834292176,0.1604938271604938,0.9782065297382208,0.8886396654383585,,,,,,,,,,,,,,,,,
extreme_abs_151_h3,xgboost,boosting,Brazil,f1,0.33,test_calibrated,,,,,,,,,,,,,,,,,,,12267.0,1135.0,0.0925246596559876,0.8728295426754707,0.4809108875314409,0.0,0.0,0.0,0.4660485766518673,10707.0,425.0,1135.0,0.0,0.0381782249371182,1.0,0.4244223898717987,0.0749348617677429
extreme_abs_151_h3,xgboost,boosting,Brazil,f1,0.33,test_default_threshold,,,,,,,,,,,,,,,,,,,12267.0,1135.0,0.0925246596559876,0.8896225646042227,0.4901634926338483,0.0,0.0,0.0,0.4707937877480587,10913.0,219.0,1135.0,0.0,0.0196730147323032,1.0,0.4244223898717987,0.0749348617677429
extreme_abs_151_h3,xgboost,boosting,China,f1,0.38,validation_selected,0.38,45515.0,6075.0,0.1334724815994727,0.9454026145226848,0.8914193148523777,0.7828553419476836,0.8177777777777778,0.7999355929474278,0.884161718289282,38062.0,1378.0,1107.0,4968.0,0.0349391480730223,0.1822222222222222,0.9774529232297432,0.8897277237898175,,,,,,,,,,,,,,,,,
extreme_abs_151_h3,xgboost,boosting,China,f1,0.38,test_calibrated,,,,,,,,,,,,,,,,,,,21573.0,2215.0,0.102674639595791,0.8010476058035507,0.7917879391211851,0.3123079703596602,0.7801354401805869,0.4460505937016004,0.6624004027889888,15553.0,3805.0,487.0,1728.0,0.1965595619382167,0.219864559819413,0.8788848795780211,0.4937565605405867
extreme_abs_151_h3,xgboost,boosting,China,f1,0.38,test_default_threshold,,,,,,,,,,,,,,,,,,,21573.0,2215.0,0.102674639595791,0.8377601631669216,0.7754621662359482,0.3530756917447976,0.6970654627539503,0.4687310261080752,0.686496373604396,16529.0,2829.0,671.0,1544.0,0.1461411302820539,0.3029345372460497,0.8788848795780211,0.4937565605405867
extreme_abs_151_h3,xgboost,boosting,Egypt,f1,0.37,validation_selected,0.37,46509.0,5662.0,0.1217398783031241,0.9538368917843858,0.8983363877972937,0.801613180024026,0.8249735075944896,0.8131255983984681,0.8933957052817323,39691.0,1156.0,991.0,4671.0,0.028300731999902,0.1750264924055104,0.9817074848593916,0.9040525109739426,,,,,,,,,,,,,,,,,
extreme_abs_151_h3,xgboost,boosting,Egypt,f1,0.37,test_calibrated,,,,,,,,,,,,,,,,,,,14946.0,4966.0,0.3322628127927204,0.6013649136892815,0.5007838875495655,0.3340026773761713,0.2009665726943214,0.250942921800352,0.4896796840745766,7990.0,1990.0,3968.0,998.0,0.1993987975951903,0.7990334273056786,0.5796900385547575,0.369589844670378
extreme_abs_151_h3,xgboost,boosting,Egypt,f1,0.37,test_default_threshold,,,,,,,,,,,,,,,,,,,14946.0,4966.0,0.3322628127927204,0.6128061019670815,0.4952379588012109,0.3182824258521469,0.1447845348368908,0.1990311418685121,0.4718630364127049,8440.0,1540.0,4247.0,719.0,0.1543086172344689,0.8552154651631091,0.5796900385547575,0.369589844670378
extreme_abs_151_h3,xgboost,boosting,Ethiopia,f1,0.32,validation_selected,0.32,47250.0,6288.0,0.133079365079365,0.944126984126984,0.9005322168824503,0.7632034632034632,0.8411259541984732,0.8002723558783477,0.8838964200592003,39321.0,1641.0,999.0,5289.0,0.0400615204335725,0.1588740458015267,0.9779526097265347,0.889480998720297,,,,,,,,,,,,,,,,,
extreme_abs_151_h3,xgboost,boosting,Ethiopia,f1,0.32,test_calibrated,,,,,,,,,,,,,,,,,,,10011.0,797.0,0.0796124263310358,0.913295375087404,0.6508807447289175,0.44189852700491,0.3387703889585947,0.3835227272727273,0.6684455798177324,8873.0,341.0,527.0,270.0,0.0370088995007597,0.6612296110414053,0.856039538327334,0.3795076843843467
extreme_abs_151_h3,xgboost,boosting,Ethiopia,f1,0.32,test_default_threshold,,,,,,,,,,,,,,,,,,,10011.0,797.0,0.0796124263310358,0.924383178503646,0.6099110267802066,0.5595238095238095,0.2358845671267252,0.3318623124448367,0.6458930387995797,9066.0,148.0,609.0,188.0,0.0160625135663121,0.7641154328732748,0.856039538327334,0.3795076843843467
extreme_abs_151_h3,xgboost,boosting,France,f1,0.37,validation_selected,0.37,47038.0,6407.0,0.1362090224924529,0.9428121943960204,0.889462816469138,0.7757009345794392,0.8161385984079913,0.7954061454213569,0.8810833613623195,39119.0,1512.0,1178.0,5229.0,0.0372129654697152,0.1838614015920087,0.9752079300063812,0.8827529775056326,,,,,,,,,,,,,,,,,
extreme_abs_151_h3,xgboost,boosting,France,f1,0.37,test_calibrated,,,,,,,,,,,,,,,,,,,11421.0,0.0,0.0,1.0,1.0,0.0,0.0,0.0,1.0,11421.0,0.0,0.0,0.0,0.0,0.0,,
extreme_abs_151_h3,xgboost,boosting,France,f1,0.37,test_default_threshold,,,,,,,,,,,,,,,,,,,11421.0,0.0,0.0,1.0,1.0,0.0,0.0,0.0,1.0,11421.0,0.0,0.0,0.0,0.0,0.0,,
extreme_abs_151_h3,xgboost,boosting,Germany,f1,0.32,validation_selected,0.32,47207.0,6407.0,0.1357213972504077,0.9410468786408795,0.8960969963918141,0.7563667232597623,0.8343998751365693,0.793469387755102,0.8795427345007364,39078.0,1722.0,1061.0,5346.0,0.0422058823529411,0.1656001248634306,0.9755782010790894,0.8828401529988851,,,,,,,,,,,,,,,,,
extreme_abs_151_h3,xgboost,boosting,Germany,f1,0.32,test_calibrated,,,,,,,,,,,,,,,,,,,10293.0,0.0,0.0,1.0,1.0,0.0,0.0,0.0,1.0,10293.0,0.0,0.0,0.0,0.0,0.0,,
extreme_abs_151_h3,xgboost,boosting,Germany,f1,0.32,test_default_threshold,,,,,,,,,,,,,,,,,,,10293.0,0.0,0.0,1.0,1.0,0.0,0.0,0.0,1.0,10293.0,0.0,0.0,0.0,0.0,0.0,,
extreme_abs_151_h3,xgboost,boosting,India,f1,0.36,validation_selected,0.36,45727.0,5316.0,0.1162551665318083,0.9476676799265203,0.88429804097734,0.76093554722371,0.8017306245297215,0.7808005862416415,0.8755437675487234,39072.0,1339.0,1054.0,4262.0,0.0331345425750414,0.1982693754702784,0.9759080926922076,0.8699606335311965,,,,,,,,,,,,,,,,,
extreme_abs_151_h3,xgboost,boosting,India,f1,0.36,test_calibrated,,,,,,,,,,,,,,,,,,,20163.0,7276.0,0.3608589991568715,0.8391112433665625,0.8372150928528193,0.7503725782414307,0.8304013194062672,0.7883611691022965,0.829295393735883,10877.0,2010.0,1234.0,6042.0,0.1559711337006285,0.1695986805937328,0.9281174464739876,0.8761384187579817
extreme_abs_151_h3,xgboost,boosting,India,f1,0.36,test_default_threshold,,,,,,,,,,,,,,,,,,,20163.0,7276.0,0.3608589991568715,0.8425829489659277,0.8225772416923132,0.8006449721489299,0.7506871907641561,0.7748616825081572,0.826922987052462,11527.0,1360.0,1814.0,5462.0,0.1055327073795297,0.2493128092358438,0.9281174464739876,0.8761384187579817
extreme_abs_151_h3,xgboost,boosting,Indonesia,f1,0.33,validation_selected,0.33,46763.0,6172.0,0.1319846887496525,0.9461967795051645,0.9073902728310406,0.7651581085001451,0.8546662346079067,0.8074391550589316,0.8880844793440321,38972.0,1619.0,897.0,5275.0,0.0398856889458254,0.1453337653920933,0.9795364465396416,0.8957166312983851,,,,,,,,,,,,,,,,,
extreme_abs_151_h3,xgboost,boosting,Indonesia,f1,0.33,test_calibrated,,,,,,,,,,,,,,,,,,,13254.0,1568.0,0.1183039082541119,0.7577335144107439,0.4310826643253571,0.0030248033877797,0.003188775510204,0.0031046258925799,0.4326082669120219,10038.0,1648.0,1563.0,5.0,0.1410234468594899,0.996811224489796,0.3452464269123703,0.0829533559023834
extreme_abs_151_h3,xgboost,boosting,Indonesia,f1,0.33,test_default_threshold,,,,,,,,,,,,,,,,,,,13254.0,1568.0,0.1183039082541119,0.8092651275086766,0.4589252096525757,0.0,0.0,0.0,0.4472894078398665,10726.0,960.0,1568.0,0.0,0.0821495806948485,1.0,0.3452464269123703,0.0829533559023834
extreme_abs_151_h3,xgboost,boosting,Japan,f1,0.35,validation_selected,0.35,45410.0,6407.0,0.1410922704250165,0.9406738603831756,0.8950264682308778,0.767468664457571,0.8314343686592789,0.798172010788133,0.8816990785043515,37389.0,1614.0,1080.0,5327.0,0.0413814321975232,0.168565631340721,0.9753419975406116,0.8851926041941542,,,,,,,,,,,,,,,,,
extreme_abs_151_h3,xgboost,boosting,Japan,f1,0.35,test_calibrated,,,,,,,,,,,,,,,,,,,22278.0,0.0,0.0,1.0,1.0,0.0,0.0,0.0,1.0,22278.0,0.0,0.0,0.0,0.0,0.0,,
extreme_abs_151_h3,xgboost,boosting,Japan,f1,0.35,test_default_threshold,,,,,,,,,,,,,,,,,,,22278.0,0.0,0.0,1.0,1.0,0.0,0.0,0.0,1.0,22278.0,0.0,0.0,0.0,0.0,0.0,,
extreme_abs_151_h3,xgboost,boosting,Mexico,f1,0.37,validation_selected,0.37,46890.0,6231.0,0.1328854766474728,0.9446150565152484,0.8936621886722458,0.7737270262127147,0.824265767934521,0.7981972181210661,0.883050111328457,39157.0,1502.0,1095.0,5136.0,0.0369413905900292,0.175734232065479,0.978027614533785,0.8890096033823929,,,,,,,,,,,,,,,,,
extreme_abs_151_h3,xgboost,boosting,Mexico,f1,0.37,test_calibrated,,,,,,,,,,,,,,,,,,,12408.0,1178.0,0.0949387491940683,0.913201160541586,0.7427096199695515,0.5437987857762359,0.532258064516129,0.5379665379665379,0.745033969450247,10704.0,526.0,551.0,627.0,0.0468388245770258,0.4677419354838709,0.7934259283056693,0.4836552431353927
extreme_abs_151_h3,xgboost,boosting,Mexico,f1,0.37,test_default_threshold,,,,,,,,,,,,,,,,,,,12408.0,1178.0,0.0949387491940683,0.9192456479690522,0.703117407743931,0.6032863849765259,0.4363327674023769,0.5064039408866995,0.7312147853296835,10892.0,338.0,664.0,514.0,0.0300979519145146,0.5636672325976231,0.7934259283056693,0.4836552431353927
extreme_abs_151_h3,xgboost,boosting,Nigeria,f1,0.33,validation_selected,0.33,47228.0,5817.0,0.1231684593884983,0.9451596510544592,0.8982457628704937,0.7482689644560702,0.8359979370809696,0.7897044494965898,0.8790864589825291,39775.0,1636.0,954.0,4863.0,0.0395064113399821,0.1640020629190304,0.9763619564490414,0.8796806204593092,,,,,,,,,,,,,,,,,
extreme_abs_151_h3,xgboost,boosting,Nigeria,f1,0.33,test_calibrated,,,,,,,,,,,,,,,,,,,10152.0,3938.0,0.3879038613081166,0.823187549251379,0.8202711304263395,0.7542111506524318,0.8072625698324022,0.7798356433214768,0.8160555880997147,5178.0,1036.0,759.0,3179.0,0.1667203089797232,0.1927374301675977,0.8858696584965255,0.8595231305146096
extreme_abs_151_h3,xgboost,boosting,Nigeria,f1,0.33,test_default_threshold,,,,,,,,,,,,,,,,,,,10152.0,3938.0,0.3879038613081166,0.8285066981875493,0.8092231568716457,0.8139468419548442,0.723209751142712,0.7659002285867957,0.8152964265651006,5563.0,651.0,1090.0,2848.0,0.1047634373994206,0.276790248857288,0.8858696584965255,0.8595231305146096
extreme_abs_151_h3,xgboost,boosting,Pakistan,f1,0.32,validation_selected,0.32,47080.0,5038.0,0.1070093457943925,0.9442013593882752,0.8807057467381859,0.7134006018764383,0.7999206034140532,0.7541873304014223,0.8613580381117123,40423.0,1619.0,1008.0,4030.0,0.0385091099376813,0.2000793965859468,0.9736818149808,0.8420537845156268,,,,,,,,,,,,,,,,,
extreme_abs_151_h3,xgboost,boosting,Pakistan,f1,0.32,test_calibrated,,,,,,,,,,,,,,,,,,,11139.0,9129.0,0.8195529221653649,0.787593141215549,0.7627509020785,0.9295059062619078,0.8016212071420747,0.8608399011880955,0.7061970544606133,1455.0,555.0,1811.0,7318.0,0.2761194029850746,0.1983787928579252,0.8672637197406547,0.965007152300184
extreme_abs_151_h3,xgboost,boosting,Pakistan,f1,0.32,test_default_threshold,,,,,,,,,,,,,,,,,,,11139.0,9129.0,0.8195529221653649,0.724391776640632,0.7581399607287258,0.944273353864203,0.7053346478256107,0.8074993729621269,0.6612536359281409,1630.0,380.0,2690.0,6439.0,0.1890547263681592,0.2946653521743893,0.8672637197406547,0.965007152300184
extreme_abs_151_h3,xgboost,boosting,Philippines,f1,0.35,validation_selected,0.35,45748.0,6387.0,0.1396126606627612,0.9407842965812712,0.8944322871954946,0.7655212243719318,0.8301236887427588,0.7965146848944641,0.8809326043328082,37737.0,1624.0,1085.0,5302.0,0.0412591143517695,0.1698763112572412,0.9756231105039056,0.8863777002321268,,,,,,,,,,,,,,,,,
extreme_abs_151_h3,xgboost,boosting,Philippines,f1,0.35,test_calibrated,,,,,,,,,,,,,,,,,,,20022.0,138.0,0.0068924183398261,0.974977524722805,0.5196563984151558,0.021108179419525,0.0579710144927536,0.0309477756286266,0.509136447583585,19513.0,371.0,130.0,8.0,0.0186582176624421,0.9420289855072465,0.8769901661520879,0.034039539320621
extreme_abs_151_h3,xgboost,boosting,Philippines,f1,0.35,test_default_threshold,,,,,,,,,,,,,,,,,,,20022.0,138.0,0.0068924183398261,0.9899110977924284,0.5019887084218905,0.0151515151515151,0.0072463768115942,0.0098039215686274,0.5023668202220647,19819.0,65.0,137.0,1.0,0.0032689599678133,0.9927536231884058,0.8769901661520879,0.034039539320621
extreme_abs_151_h3,xgboost,boosting,Russia,f1,0.38,validation_selected,0.38,46975.0,6225.0,0.1325172964342735,0.94252261841405,0.8865705767856703,0.7684691546077684,0.8104417670682731,0.7888975762314308,0.8778149783572137,39230.0,1520.0,1180.0,5045.0,0.0373006134969325,0.1895582329317269,0.9758870278660654,0.8804745687049372,,,,,,,,,,,,,,,,,
extreme_abs_151_h3,xgboost,boosting,Russia,f1,0.38,test_calibrated,,,,,,,,,,,,,,,,,,,11844.0,1213.0,0.1024147247551502,0.9419959473150964,0.7686717894741251,0.8246913580246914,0.5507007419620775,0.6604053386060307,0.8143476035287249,10489.0,142.0,545.0,668.0,0.0133571630138274,0.4492992580379225,0.9249765207027651,0.7194396536189839
extreme_abs_151_h3,xgboost,boosting,Russia,f1,0.38,test_default_threshold,,,,,,,,,,,,,,,,,,,11844.0,1213.0,0.1024147247551502,0.9425869638635596,0.7518380774916457,0.8758815232722144,0.5119538334707338,0.6462018730489074,0.8074802437007838,10543.0,88.0,592.0,621.0,0.0082776784874423,0.4880461665292663,0.9249765207027651,0.7194396536189839
extreme_abs_151_h3,xgboost,boosting,Saudi Arabia,f1,0.36,validation_selected,0.36,47165.0,6387.0,0.135418212657691,0.9413336160288348,0.8902785610082733,0.7639253426655002,0.8202599029278221,0.7910909777274443,0.8784831468769182,39159.0,1619.0,1148.0,5239.0,0.0397027809112756,0.1797400970721778,0.9761430397187112,0.8826909622730317,,,,,,,,,,,,,,,,,
extreme_abs_151_h3,xgboost,boosting,Saudi Arabia,f1,0.36,test_calibrated,,,,,,,,,,,,,,,,,,,10575.0,134.0,0.0126713947990543,0.9844917257683216,0.4985633560003831,0.0,0.0,0.0,0.4960926331840274,10411.0,30.0,134.0,0.0,0.0028732879992337,1.0,0.5170453164690864,0.0138372723251911
extreme_abs_151_h3,xgboost,boosting,Saudi Arabia,f1,0.36,test_default_threshold,,,,,,,,,,,,,,,,,,,10575.0,134.0,0.0126713947990543,0.9869503546099292,0.4998084474667177,0.0,0.0,0.0,0.4967161621930325,10437.0,4.0,134.0,0.0,0.0003831050665645,1.0,0.5170453164690864,0.0138372723251911
extreme_abs_151_h3,xgboost,boosting,South Africa,f1,0.34,validation_selected,0.34,47165.0,6398.0,0.1356514364465175,0.9401038905968409,0.8926811643227515,0.7545959811885421,0.8276023757424195,0.7894148341408871,0.8772508268214168,39045.0,1722.0,1103.0,5295.0,0.0422400470969166,0.1723976242575804,0.9751487273573616,0.8802287255928987,,,,,,,,,,,,,,,,,
extreme_abs_151_h3,xgboost,boosting,South Africa,f1,0.34,test_calibrated,,,,,,,,,,,,,,,,,,,10575.0,61.0,0.0057683215130023,0.9942316784869976,0.5,0.0,0.0,0.0,0.4985537483996396,10514.0,0.0,61.0,0.0,0.0,1.0,0.8306800924294538,0.0166592002571833
extreme_abs_151_h3,xgboost,boosting,South Africa,f1,0.34,test_default_threshold,,,,,,,,,,,,,,,,,,,10575.0,61.0,0.0057683215130023,0.9942316784869976,0.5,0.0,0.0,0.0,0.4985537483996396,10514.0,0.0,61.0,0.0,0.0,1.0,0.8306800924294538,0.0166592002571833
extreme_abs_151_h3,xgboost,boosting,South Korea,f1,0.31,validation_selected,0.31,46890.0,6388.0,0.1362337385370015,0.9394966943911282,0.900368881804487,0.7443909153475567,0.8465873512836568,0.7922068409873287,0.8784002742383448,38645.0,1857.0,980.0,5408.0,0.0458495876746827,0.1534126487163431,0.9765574997927542,0.884999120481993,,,,,,,,,,,,,,,,,
extreme_abs_151_h3,xgboost,boosting,South Korea,f1,0.31,test_calibrated,,,,,,,,,,,,,,,,,,,12408.0,127.0,0.0102353320438426,0.9887975499677628,0.4995114404364465,0.0,0.0,0.0,0.4971836122705353,12269.0,12.0,127.0,0.0,0.0009771191271069,1.0,0.7017170752849772,0.0244346023346427
extreme_abs_151_h3,xgboost,boosting,South Korea,f1,0.31,test_default_threshold,,,,,,,,,,,,,,,,,,,12408.0,127.0,0.0102353320438426,0.9896840747904576,0.4999592867030372,0.0,0.0,0.0,0.4974076474400518,12280.0,1.0,127.0,0.0,8.14265939255761e-05,1.0,0.7017170752849772,0.0244346023346427
extreme_abs_151_h3,xgboost,boosting,Thailand,f1,0.34,validation_selected,0.34,47292.0,6400.0,0.1353294426118582,0.940751078406496,0.8939105601340116,0.7561948162916547,0.8296875,0.7912382655341976,0.8783573600163042,39180.0,1712.0,1090.0,5310.0,0.0418663797319769,0.1703125,0.975336541988653,0.8811593588745098,,,,,,,,,,,,,,,,,
extreme_abs_151_h3,xgboost,boosting,Thailand,f1,0.34,test_calibrated,,,,,,,,,,,,,,,,,,,9729.0,51.0,0.0052420598211532,0.9839654640764725,0.5530888734911199,0.0512820512820512,0.1176470588235294,0.0714285714285714,0.5316707398355921,9567.0,111.0,45.0,6.0,0.0114693118412895,0.8823529411764706,0.9302035341931773,0.0419938221929304
extreme_abs_151_h3,xgboost,boosting,Thailand,f1,0.34,test_default_threshold,,,,,,,,,,,,,,,,,,,9729.0,51.0,0.0052420598211532,0.9927022304450612,0.4989667286629469,0.0,0.0,0.0,0.498168876050962,9658.0,20.0,51.0,0.0,0.0020665426741062,1.0,0.9302035341931773,0.0419938221929304
extreme_abs_151_h3,xgboost,boosting,Turkey,f1,0.35,validation_selected,0.35,47186.0,6317.0,0.1338744542872886,0.9429915652947908,0.895823062705791,0.7637051039697542,0.8314073135982271,0.7961194482340458,0.8814911956979932,39244.0,1625.0,1065.0,5252.0,0.0397611881866451,0.168592686401773,0.9778046008561206,0.8863401895136842,,,,,,,,,,,,,,,,,
extreme_abs_151_h3,xgboost,boosting,Turkey,f1,0.35,test_calibrated,,,,,,,,,,,,,,,,,,,10434.0,600.0,0.0575043128234617,0.933678359210274,0.5469666463290624,0.2946428571428571,0.11,0.1601941747572815,0.5628350638304468,9676.0,158.0,534.0,66.0,0.0160667073418751,0.89,0.7912542370008814,0.1967338424137143
extreme_abs_151_h3,xgboost,boosting,Turkey,f1,0.35,test_default_threshold,,,,,,,,,,,,,,,,,,,10434.0,600.0,0.0575043128234617,0.938470385278896,0.5197742525930446,0.2857142857142857,0.0466666666666666,0.0802292263610315,0.5241998883416461,9764.0,70.0,572.0,28.0,0.0071181614805775,0.9533333333333334,0.7912542370008814,0.1967338424137143
extreme_abs_151_h3,xgboost,boosting,United Kingdom,f1,0.36,validation_selected,0.36,47207.0,6407.0,0.1357213972504077,0.9408985955472704,0.8880512582744975,0.7646714473876774,0.8155142812548775,0.7892749244712991,0.8774521565959127,39192.0,1608.0,1182.0,5225.0,0.0394117647058823,0.1844857187451225,0.974989256159776,0.8802001165361719,,,,,,,,,,,,,,,,,
extreme_abs_151_h3,xgboost,boosting,United Kingdom,f1,0.36,test_calibrated,,,,,,,,,,,,,,,,,,,10293.0,1.0,9.71534052268532e-05,0.9999028465947732,0.5,0.0,0.0,0.0,0.4999757104687879,10292.0,0.0,1.0,0.0,0.0,1.0,0.9107073455110768,0.0010869565217391
extreme_abs_151_h3,xgboost,boosting,United Kingdom,f1,0.36,test_default_threshold,,,,,,,,,,,,,,,,,,,10293.0,1.0,9.71534052268532e-05,0.9999028465947732,0.5,0.0,0.0,0.0,0.4999757104687879,10292.0,0.0,1.0,0.0,0.0,1.0,0.9107073455110768,0.0010869565217391
extreme_abs_151_h3,xgboost,boosting,United States,f1,0.35,validation_selected,0.35,44627.0,6402.0,0.143455755484348,0.9394536939520918,0.8938496962504973,0.7671094426797574,0.8298969072164949,0.7972689075630253,0.8808408126045773,36612.0,1613.0,1089.0,5313.0,0.0421975147155003,0.1701030927835051,0.9744170304039634,0.8856176913466636,,,,,,,,,,,,,,,,,
extreme_abs_151_h3,xgboost,boosting,United States,f1,0.35,test_calibrated,,,,,,,,,,,,,,,,,,,27495.0,35.0,0.0012729587197672,0.9987270412802328,0.5,0.0,0.0,0.0,0.4996815576380675,27460.0,0.0,35.0,0.0,0.0,1.0,0.8454780980126938,0.0049875486793985
extreme_abs_151_h3,xgboost,boosting,United States,f1,0.35,test_default_threshold,,,,,,,,,,,,,,,,,,,27495.0,35.0,0.0012729587197672,0.9987270412802328,0.5,0.0,0.0,0.0,0.4996815576380675,27460.0,0.0,35.0,0.0,0.0,1.0,0.8454780980126938,0.0049875486793985
extreme_abs_151_h3,xgboost,boosting,Vietnam,f1,0.35,validation_selected,0.35,47144.0,6284.0,0.1332937383336161,0.942749872730358,0.8944579120519275,0.7624835261385269,0.8286123488224061,0.7941737207351484,0.8804622838353906,39238.0,1622.0,1077.0,5207.0,0.0396965247185511,0.1713876511775938,0.9770030787776364,0.8848944529642742,,,,,,,,,,,,,,,,,
extreme_abs_151_h3,xgboost,boosting,Vietnam,f1,0.35,test_calibrated,,,,,,,,,,,,,,,,,,,10716.0,821.0,0.0766144083613288,0.925811870100784,0.5605129745396087,0.5698924731182796,0.1291108404384896,0.2105263157894736,0.5858017135862913,9815.0,80.0,715.0,106.0,0.0080848913592723,0.8708891595615104,0.8189487794805261,0.3570102831231346
extreme_abs_151_h3,xgboost,boosting,Vietnam,f1,0.35,test_default_threshold,,,,,,,,,,,,,,,,,,,10716.0,821.0,0.0766144083613288,0.9249720044792832,0.5164965388713034,0.717948717948718,0.0341047503045067,0.0651162790697674,0.5130170156772131,9884.0,11.0,793.0,28.0,0.0011116725618999,0.9658952496954932,0.8189487794805261,0.3570102831231346
