split_name,target,held_out_country,model,model_family,part,rows,events,event_rate,accuracy,balanced_accuracy,precision,recall,f1,macro_f1,tn,fp,fn,tp,false_alarm_rate,missed_event_rate,roc_auc,pr_auc
leave_one_country_out,extreme_abs_151_h1,Australia,decision_tree,tree,validation,47877,6516,0.1360987530547026,0.8922238235478414,0.9023905948624746,0.5640468543359154,0.9163597298956416,0.6982809028183838,0.8163377254772385,36746,4615,545,5971,0.1115785401706922,0.0836402701043585,0.9593448774092564,0.8377284132762025
leave_one_country_out,extreme_abs_151_h1,Australia,decision_tree,tree,test,10439,1,9.579461634256155e-05,0.9997126161509724,0.4999041962061697,0.0,0.0,0.0,0.4999281437125748,10436,2,1,0,0.0001916075876604,1.0,0.5303219007472696,0.0001073076510355
leave_one_country_out,extreme_abs_151_h1,Australia,lightgbm,boosting,validation,47877,6516,0.1360987530547026,0.9126720554754892,0.9249565697937974,0.617466545930174,0.9418354818907304,0.7459130963233059,0.8465942989529618,37559,3802,379,6137,0.0919223423031358,0.0581645181092694,0.9782756021933812,0.8896355601415783
leave_one_country_out,extreme_abs_151_h1,Australia,lightgbm,boosting,test,10439,1,9.579461634256155e-05,0.9999042053836574,0.5,0.0,0.0,0.0,0.4999760501987833,10438,0,1,0,0.0,1.0,0.7289710672542633,0.0003533568904593
leave_one_country_out,extreme_abs_151_h1,Australia,logistic_regression,linear,validation,47877,6516,0.1360987530547026,0.9037324811496126,0.8954112563133312,0.5991885987724955,0.8839779005524862,0.714241428482857,0.828178799013799,37508,3853,756,5760,0.0931553879258238,0.1160220994475138,0.9592659744519312,0.8271967699099102
leave_one_country_out,extreme_abs_151_h1,Australia,logistic_regression,linear,test,10439,1,9.579461634256155e-05,0.9998084107673147,0.4999520981030849,0.0,0.0,0.0,0.4999520981030849,10437,1,1,0,9.580379383023568e-05,1.0,0.2571373826403526,0.0001289490651192
leave_one_country_out,extreme_abs_151_h1,Australia,majority_class,baseline,validation,47877,6516,0.1360987530547026,0.8639012469452974,0.5,0.0,0.0,0.0,0.4634908895313656,41361,0,6516,0,0.0,1.0,0.5,0.1360987530547026
leave_one_country_out,extreme_abs_151_h1,Australia,majority_class,baseline,test,10439,1,9.579461634256155e-05,0.9999042053836574,0.5,0.0,0.0,0.0,0.4999760501987833,10438,0,1,0,0.0,1.0,0.5,9.579461634256155e-05
leave_one_country_out,extreme_abs_151_h1,Australia,random_forest,ensemble,validation,47877,6516,0.1360987530547026,0.922363556613823,0.9111720654544946,0.6576901408450704,0.8957949662369552,0.75849522448184,0.856121297892277,38323,3038,679,5837,0.0734508353279659,0.1042050337630448,0.9752779428561964,0.8797645787616346
leave_one_country_out,extreme_abs_151_h1,Australia,random_forest,ensemble,test,10439,1,9.579461634256155e-05,0.9998084107673147,0.4999520981030849,0.0,0.0,0.0,0.4999520981030849,10437,1,1,0,9.580379383023568e-05,1.0,0.6556332630772179,0.00027616680475
leave_one_country_out,extreme_abs_151_h1,Australia,xgboost,boosting,validation,47877,6516,0.1360987530547026,0.94504668212294,0.8631457221002,0.8294047820925895,0.7506138735420503,0.7880447917505841,0.8782378480536916,40355,1006,1625,4891,0.0243224293416503,0.2493861264579496,0.9783089536738382,0.8931910609166298
leave_one_country_out,extreme_abs_151_h1,Australia,xgboost,boosting,test,10439,1,9.579461634256155e-05,0.9999042053836574,0.5,0.0,0.0,0.0,0.4999760501987833,10438,0,1,0,0.0,1.0,0.3767963211343169,0.0001537042729787
leave_one_country_out,extreme_abs_151_h1,Bangladesh,decision_tree,tree,validation,47813,5396,0.11285633614289,0.8959488005354193,0.8994635850386083,0.5225495447241564,0.9040029651593772,0.6622768311723576,0.800388678272377,37960,4457,518,4878,0.1050757950821604,0.0959970348406226,0.9546203283356344,0.8111427196910619
leave_one_country_out,extreme_abs_151_h1,Bangladesh,decision_tree,tree,test,10868,7466,0.686970923813029,0.7869893264630107,0.6796794892086139,0.7774426370785307,0.9666488079292794,0.8617827930025673,0.6987879274818332,1336,2066,249,7217,0.6072898295120517,0.0333511920707206,0.8835565636135627,0.9423364760960412
leave_one_country_out,extreme_abs_151_h1,Bangladesh,lightgbm,boosting,validation,47813,5396,0.11285633614289,0.9123250998682366,0.9216331356088556,0.5678539224526601,0.9336545589325428,0.7061956826464816,0.8273351627913201,38583,3834,358,5038,0.0903882877148313,0.0663454410674573,0.9772082470815152,0.8638262913595067
leave_one_country_out,extreme_abs_151_h1,Bangladesh,lightgbm,boosting,test,10868,7466,0.686970923813029,0.806036069193964,0.70346259500053,0.7898723220082233,0.9777658719528528,0.8738328944218339,0.7272903533366131,1460,1942,166,7300,0.570840681951793,0.022234128047147,0.9109038379434546,0.957779734697499
leave_one_country_out,extreme_abs_151_h1,Bangladesh,logistic_regression,linear,validation,47813,5396,0.11285633614289,0.9029134335850084,0.8902065168634483,0.5434532042415859,0.8737954040029652,0.670125071063104,0.8066028646386467,38456,3961,681,4715,0.0933823702760685,0.1262045959970348,0.9570448557338675,0.7896084908523191
leave_one_country_out,extreme_abs_151_h1,Bangladesh,logistic_regression,linear,test,10868,7466,0.686970923813029,0.8071402281928598,0.7095463770464515,0.7943433457575093,0.97053308331101,0.8736435977815288,0.7332475953165608,1526,1876,220,7246,0.551440329218107,0.02946691668899,0.9041477547519754,0.9545593658212038
leave_one_country_out,extreme_abs_151_h1,Bangladesh,majority_class,baseline,validation,47813,5396,0.11285633614289,0.88714366385711,0.5,0.0,0.0,0.0,0.4700986368170232,42417,0,5396,0,0.0,1.0,0.5,0.11285633614289
leave_one_country_out,extreme_abs_151_h1,Bangladesh,majority_class,baseline,test,10868,7466,0.686970923813029,0.3130290761869709,0.5,0.0,0.0,0.0,0.2384022424667133,3402,0,7466,0,0.0,1.0,0.5,0.686970923813029
leave_one_country_out,extreme_abs_151_h1,Bangladesh,random_forest,ensemble,validation,47813,5396,0.11285633614289,0.9248321586179492,0.9077359586112208,0.6161681279009799,0.8856560415122313,0.7267335766423357,0.8415781034022843,39440,2977,617,4779,0.0701841242897894,0.1143439584877687,0.9742325451599692,0.8544750715727043
leave_one_country_out,extreme_abs_151_h1,Bangladesh,random_forest,ensemble,test,10868,7466,0.686970923813029,0.8185498711814502,0.7290509844904582,0.8063796564800357,0.968390034824538,0.8799902629016553,0.7540976955533918,1666,1736,236,7230,0.5102880658436214,0.031609965175462,0.9114653094026252,0.9585512074714392
leave_one_country_out,extreme_abs_151_h1,Bangladesh,xgboost,boosting,validation,47813,5396,0.11285633614289,0.949992679815113,0.8501817957550308,0.814396317221176,0.7212750185322461,0.765012285012285,0.868515668433282,41530,887,1504,3892,0.0209114270221845,0.2787249814677539,0.9771396375318628,0.8680343731319483
leave_one_country_out,extreme_abs_151_h1,Bangladesh,xgboost,boosting,test,10868,7466,0.686970923813029,0.8312476996687523,0.8303753027835535,0.9139958835636578,0.832708277524779,0.8714606111578357,0.8129397324669736,2817,585,1249,6217,0.1719576719576719,0.167291722475221,0.9175917106796352,0.9612604717100018
leave_one_country_out,extreme_abs_151_h1,Brazil,decision_tree,tree,validation,47577,6346,0.1333837778758644,0.8976185972213464,0.9053323307086988,0.5726672578579171,0.9158525055152852,0.7046983934525614,0.8213864334061266,36894,4337,534,5812,0.1051878440978875,0.0841474944847147,0.9585770104363766,0.8391209406668791
leave_one_country_out,extreme_abs_151_h1,Brazil,decision_tree,tree,test,12441,1135,0.0912306084719877,0.8415722208825657,0.7265708590269406,0.3070175438596491,0.5859030837004405,0.4029082096334444,0.6557889363815246,9805,1501,470,665,0.1327613656465593,0.4140969162995594,0.7510052749660816,0.2988735008432613
leave_one_country_out,extreme_abs_151_h1,Brazil,lightgbm,boosting,validation,47577,6346,0.1333837778758644,0.9146015932068016,0.9254635469413668,0.6182778986633509,0.9402773400567288,0.7460148777895855,0.8473432525309841,37547,3684,379,5967,0.0893502461739953,0.0597226599432713,0.9785339321370023,0.8867017552265825
leave_one_country_out,extreme_abs_151_h1,Brazil,lightgbm,boosting,test,12441,1135,0.0912306084719877,0.88586126517161,0.6689034554183931,0.3813488759367194,0.4035242290748899,0.3921232876712329,0.6645704702349777,10563,743,677,458,0.0657173182381036,0.5964757709251102,0.802428167648693,0.297387175539422
leave_one_country_out,extreme_abs_151_h1,Brazil,logistic_regression,linear,validation,47577,6346,0.1333837778758644,0.9095571389536962,0.9016875992726304,0.6102536427415003,0.8909549322407816,0.7243610274806226,0.835132250536761,37620,3611,692,5654,0.0875797336955203,0.1090450677592184,0.9625634362806104,0.8297085102674747
leave_one_country_out,extreme_abs_151_h1,Brazil,logistic_regression,linear,test,12441,1135,0.0912306084719877,0.8882726468933365,0.7316573555345842,0.4139095205941931,0.5400881057268723,0.4686544342507645,0.7031137077388737,10438,868,522,613,0.0767733946577038,0.4599118942731277,0.7736601593945283,0.4065716834137466
leave_one_country_out,extreme_abs_151_h1,Brazil,majority_class,baseline,validation,47577,6346,0.1333837778758644,0.8666162221241356,0.5,0.0,0.0,0.0,0.4642712368255112,41231,0,6346,0,0.0,1.0,0.5,0.1333837778758644
leave_one_country_out,extreme_abs_151_h1,Brazil,majority_class,baseline,test,12441,1135,0.0912306084719877,0.9087693915280122,0.5,0.0,0.0,0.0,0.4761022444940413,11306,0,1135,0,0.0,1.0,0.5,0.0912306084719877
leave_one_country_out,extreme_abs_151_h1,Brazil,random_forest,ensemble,validation,47577,6346,0.1333837778758644,0.9233242953527964,0.9127638124093151,0.6549862132352942,0.898361172392058,0.7576079734219269,0.85603358822899,38228,3003,645,5701,0.0728335475734277,0.101638827607942,0.9761117447306696,0.8793554354548903
leave_one_country_out,extreme_abs_151_h1,Brazil,random_forest,ensemble,test,12441,1135,0.0912306084719877,0.8929346515553412,0.7219369310747636,0.4276267450404115,0.5127753303964758,0.4663461538461538,0.7034223398552667,10527,779,553,582,0.0689014682469485,0.4872246696035242,0.8304159578439112,0.3549424764063571
leave_one_country_out,extreme_abs_151_h1,Brazil,xgboost,boosting,validation,47577,6346,0.1333837778758644,0.9445950774533912,0.8583731407350695,0.8258959943780745,0.7407815947053262,0.7810267486293404,0.8746560183302629,40240,991,1645,4701,0.0240353132351871,0.2592184052946738,0.9783890335284596,0.8885747952774817
leave_one_country_out,extreme_abs_151_h1,Brazil,xgboost,boosting,test,12441,1135,0.0912306084719877,0.9032232135680412,0.5124043917268208,0.2653061224489796,0.0343612334801762,0.0608424336973478,0.5049127422724028,11198,108,1096,39,0.0095524500265345,0.9656387665198238,0.8249836155766186,0.306085510065472
leave_one_country_out,extreme_abs_151_h1,China,decision_tree,tree,validation,46161,6175,0.1337709321721799,0.898680704490804,0.906119445449632,0.5762884497861072,0.9162753036437248,0.7075595573063215,0.8231426682495133,35826,4160,517,5658,0.1040364127444605,0.0837246963562753,0.9583005327168151,0.8523961117177623
leave_one_country_out,extreme_abs_151_h1,China,decision_tree,tree,test,21879,2273,0.1038895744778097,0.5726038667215138,0.7428578477753943,0.1904303708887333,0.957765068191817,0.317694272163444,0.5032719855143909,10351,9255,96,2177,0.4720493726410282,0.042234931808183,0.9039486596913888,0.5407356453823026
leave_one_country_out,extreme_abs_151_h1,China,lightgbm,boosting,validation,46161,6175,0.1337709321721799,0.9175061198847512,0.9249279535286744,0.6289075264132448,0.9350607287449392,0.7520187548840844,0.8512711813554585,36579,3407,401,5774,0.0852048216875906,0.0649392712550607,0.9793313003680844,0.894870409858223
leave_one_country_out,extreme_abs_151_h1,China,lightgbm,boosting,test,21879,2273,0.1038895744778097,0.6870972165089813,0.8217156356824247,0.2482105494989538,0.9916410030796304,0.3970406905055487,0.5928852384758332,12779,6827,19,2254,0.3482097317147812,0.0083589969203695,0.9363065455913524,0.6238060258702645
leave_one_country_out,extreme_abs_151_h1,China,logistic_regression,linear,validation,46161,6175,0.1337709321721799,0.9102272481098764,0.8962836628447487,0.6153584005452687,0.877246963562753,0.7233275470690346,0.8348743651770494,36600,3386,758,5417,0.0846796378732556,0.1227530364372469,0.9611194970871384,0.8337264950888478
leave_one_country_out,extreme_abs_151_h1,China,logistic_regression,linear,test,21879,2273,0.1038895744778097,0.7688651218062983,0.8554766807560773,0.3058577405857741,0.9648042234931808,0.4644710367467966,0.6585505409582737,14629,4977,80,2193,0.2538508619810262,0.0351957765068191,0.9388189748965308,0.6255222740303814
leave_one_country_out,extreme_abs_151_h1,China,majority_class,baseline,validation,46161,6175,0.1337709321721799,0.86622906782782,0.5,0.0,0.0,0.0,0.4641600984363936,39986,0,6175,0,0.0,1.0,0.5,0.1337709321721799
leave_one_country_out,extreme_abs_151_h1,China,majority_class,baseline,test,21879,2273,0.1038895744778097,0.8961104255221902,0.5,0.0,0.0,0.0,0.4726045558635651,19606,0,2273,0,0.0,1.0,0.5,0.1038895744778097
leave_one_country_out,extreme_abs_151_h1,China,random_forest,ensemble,validation,46161,6175,0.1337709321721799,0.9266696995299062,0.9137166895052944,0.6685596906718221,0.8960323886639676,0.7657601550065739,0.8611454137645396,37243,2743,642,5533,0.0685990096533786,0.1039676113360323,0.9772553916137856,0.8867306041246528
leave_one_country_out,extreme_abs_151_h1,China,random_forest,ensemble,test,21879,2273,0.1038895744778097,0.6692261986379634,0.8142723240445666,0.2386818277532112,0.9973603167619886,0.3851839265992693,0.5794678816414611,12375,7231,6,2267,0.3688156686728552,0.0026396832380114,0.935793064416071,0.5997979726077178
leave_one_country_out,extreme_abs_151_h1,China,xgboost,boosting,validation,46161,6175,0.1337709321721799,0.9474014861029874,0.8672123178335089,0.8338977009445732,0.7577327935222672,0.7939928729000509,0.8819224322779782,39054,932,1496,4679,0.0233081578552493,0.2422672064777327,0.979133004243793,0.8969952861680928
leave_one_country_out,extreme_abs_151_h1,China,xgboost,boosting,test,21879,2273,0.1038895744778097,0.848302024772613,0.8655729148878755,0.3970472440944882,0.8873735151781786,0.5486196110431116,0.7287254077739937,16543,3063,256,2017,0.1562276854024278,0.1126264848218213,0.9402884425469472,0.645131707714394
leave_one_country_out,extreme_abs_151_h1,Egypt,decision_tree,tree,validation,47169,5761,0.1221353007271725,0.9130785049502852,0.9164223783839908,0.5928036652139904,0.9208470751605624,0.7212780421481985,0.8348943081590443,37764,3644,456,5305,0.0880023183925811,0.0791529248394376,0.961011484028136,0.8586319080104768
leave_one_country_out,extreme_abs_151_h1,Egypt,decision_tree,tree,test,15158,5032,0.3319699168755772,0.5202533315740863,0.5875890449650776,0.3898721730580137,0.7879570747217806,0.5216418892251019,0.520249289193734,3921,6205,1067,3965,0.6127789847916255,0.2120429252782193,0.6209573169793512,0.4204500548576099
leave_one_country_out,extreme_abs_151_h1,Egypt,lightgbm,boosting,validation,47169,5761,0.1221353007271725,0.9321588331319298,0.93588212914438,0.654668438217176,0.9408088873459468,0.7720797720797721,0.8661141095572837,38549,2859,341,5420,0.069044629057187,0.0591911126540531,0.983644977305696,0.9069767298833398
leave_one_country_out,extreme_abs_151_h1,Egypt,lightgbm,boosting,test,15158,5032,0.3319699168755772,0.5690064652328803,0.6140320357768743,0.4168789456196699,0.7480127186009539,0.5353815518099708,0.5667372231519863,4861,5265,1268,3764,0.5199486470472052,0.2519872813990461,0.6592402540391702,0.4396894823955146
leave_one_country_out,extreme_abs_151_h1,Egypt,logistic_regression,linear,validation,47169,5761,0.1221353007271725,0.922809472322924,0.911504611951949,0.6291108404384896,0.8965457385870509,0.7393887338057404,0.84704203447787,38363,3045,596,5165,0.073536514683153,0.1034542614129491,0.9691057303318936,0.8575337276201881
leave_one_country_out,extreme_abs_151_h1,Egypt,logistic_regression,linear,test,15158,5032,0.3319699168755772,0.5771869639794168,0.5883136588680558,0.4097759140348578,0.621422893481717,0.4938798073126431,0.5654126844867753,5622,4504,1905,3127,0.4447955757456053,0.3785771065182829,0.6231522168844263,0.4380228366764958
leave_one_country_out,extreme_abs_151_h1,Egypt,majority_class,baseline,validation,47169,5761,0.1221353007271725,0.8778646992728275,0.5,0.0,0.0,0.0,0.4674802714022827,41408,0,5761,0,0.0,1.0,0.5,0.1221353007271725
leave_one_country_out,extreme_abs_151_h1,Egypt,majority_class,baseline,test,15158,5032,0.3319699168755772,0.6680300831244228,0.5,0.0,0.0,0.0,0.4004904287296313,10126,0,5032,0,0.0,1.0,0.5,0.3319699168755772
leave_one_country_out,extreme_abs_151_h1,Egypt,random_forest,ensemble,validation,47169,5761,0.1221353007271725,0.9370985180945112,0.9209880153839158,0.6844955097728473,0.8996701961465023,0.7774694367359184,0.8704210340274864,39019,2389,578,5183,0.0576941653786707,0.1003298038534976,0.980663801183248,0.8962185470339373
leave_one_country_out,extreme_abs_151_h1,Egypt,random_forest,ensemble,test,15158,5032,0.3319699168755772,0.5823987333421295,0.5986627319306155,0.4169014084507042,0.6470588235294118,0.5070861236567513,0.5724168171219547,5572,4554,1776,3256,0.4497333596681809,0.3529411764705882,0.6415040913739662,0.433863578823167
leave_one_country_out,extreme_abs_151_h1,Egypt,xgboost,boosting,validation,47169,5761,0.1221353007271725,0.9559032415357545,0.8792482065758483,0.8485135391024428,0.7778163513278945,0.8116283282014128,0.8933285705547979,40608,800,1280,4481,0.0193199381761978,0.2221836486721055,0.9832948663057594,0.908954037588202
leave_one_country_out,extreme_abs_151_h1,Egypt,xgboost,boosting,test,15158,5032,0.3319699168755772,0.65114131151867,0.5876316519956655,0.4700093720712277,0.3986486486486486,0.4313978494623656,0.5898900172321344,7864,2262,3026,2006,0.2233853446573178,0.6013513513513513,0.6418539949890522,0.42391247301328
leave_one_country_out,extreme_abs_151_h1,Ethiopia,decision_tree,tree,validation,47920,6392,0.1333889816360601,0.8956594323873122,0.9041933557382096,0.5674680108569213,0.9158322903629535,0.7007421594445774,0.8187782980410472,37066,4462,538,5854,0.1074455788865343,0.0841677096370463,0.9586568486657012,0.8403824247669887
leave_one_country_out,extreme_abs_151_h1,Ethiopia,decision_tree,tree,test,10153,828,0.081552250566335,0.8355165960799764,0.7624397430417946,0.285204081632653,0.6751207729468599,0.4010043041606886,0.652836893489181,7924,1401,269,559,0.1502412868632708,0.3248792270531401,0.8317237828806776,0.3819963023434015
leave_one_country_out,extreme_abs_151_h1,Ethiopia,lightgbm,boosting,validation,47920,6392,0.1333889816360601,0.9160893155258764,0.9260403554192308,0.6229644227777201,0.9396120150187734,0.7492047651718331,0.8494103568237654,37893,3635,386,6006,0.087531304180312,0.0603879849812265,0.979083137115866,0.891265232326644
leave_one_country_out,extreme_abs_151_h1,Ethiopia,lightgbm,boosting,test,10153,828,0.081552250566335,0.8977642076233625,0.7886237064666952,0.4192307692307692,0.6582125603864735,0.5122180451127819,0.7275580268472921,8570,755,283,545,0.0809651474530831,0.3417874396135266,0.9094603100594476,0.5059854850481172
leave_one_country_out,extreme_abs_151_h1,Ethiopia,logistic_regression,linear,validation,47920,6392,0.1333889816360601,0.9059265442404006,0.8956892392701433,0.6003408606731998,0.8817271589486858,0.7143219264892269,0.8290070786580533,37776,3752,756,5636,0.0903486804083991,0.1182728410513141,0.9590694828635004,0.8249808979934679
leave_one_country_out,extreme_abs_151_h1,Ethiopia,logistic_regression,linear,test,10153,828,0.081552250566335,0.8839751797498276,0.8344908108948207,0.3929008567931457,0.7753623188405797,0.5215272136474411,0.7277553127192598,8333,992,186,642,0.1063806970509383,0.2246376811594203,0.9155032314048516,0.499164753178859
leave_one_country_out,extreme_abs_151_h1,Ethiopia,majority_class,baseline,validation,47920,6392,0.1333889816360601,0.8666110183639399,0.5,0.0,0.0,0.0,0.4642697433145514,41528,0,6392,0,0.0,1.0,0.5,0.1333889816360601
leave_one_country_out,extreme_abs_151_h1,Ethiopia,majority_class,baseline,test,10153,828,0.081552250566335,0.9184477494336648,0.5,0.0,0.0,0.0,0.4787452510524694,9325,0,828,0,0.0,1.0,0.5,0.081552250566335
leave_one_country_out,extreme_abs_151_h1,Ethiopia,random_forest,ensemble,validation,47920,6392,0.1333889816360601,0.9251252086811352,0.9137152875307196,0.6615579626642083,0.898153942428035,0.7619110816191108,0.8587443237735272,38591,2937,651,5741,0.070723367366596,0.1018460575719649,0.9760832498615468,0.8803288271910172
leave_one_country_out,extreme_abs_151_h1,Ethiopia,random_forest,ensemble,test,10153,828,0.081552250566335,0.9137200827341672,0.7868553703487845,0.4781818181818182,0.6352657004830918,0.5456431535269709,0.7489887331461169,8751,574,302,526,0.0615549597855227,0.3647342995169082,0.9269343746357384,0.5332099839506457
leave_one_country_out,extreme_abs_151_h1,Ethiopia,xgboost,boosting,validation,47920,6392,0.1333889816360601,0.9463689482470784,0.8664738226288928,0.8259979529170931,0.7575093867334167,0.7902725640607149,0.8797628941424336,40508,1020,1550,4842,0.0245617414756309,0.2424906132665832,0.978877387926996,0.89276203851995
leave_one_country_out,extreme_abs_151_h1,Ethiopia,xgboost,boosting,test,10153,828,0.081552250566335,0.924554318920516,0.6029188198572742,0.6033333333333334,0.2185990338164251,0.3209219858156028,0.6404901930329447,9206,119,647,181,0.0127613941018766,0.7814009661835749,0.915239085104454,0.5063698624906222
leave_one_country_out,extreme_abs_151_h1,France,decision_tree,tree,validation,47705,6516,0.1365894560318624,0.894057226705796,0.8990519153192829,0.5706689868522815,0.9059238796807858,0.7002372479240807,0.8179480319824095,36748,4441,613,5903,0.10782004904222,0.0940761203192142,0.9572920926831158,0.832629783406381
leave_one_country_out,extreme_abs_151_h1,France,decision_tree,tree,test,11583,0,0.0,0.998963998963999,0.998963998963999,0.0,0.0,0.0,0.4997408655091993,11571,12,0,0,0.001036001036001,0.0,,
leave_one_country_out,extreme_abs_151_h1,France,lightgbm,boosting,validation,47705,6516,0.1365894560318624,0.9128183628550468,0.9240627779702606,0.6191969252553858,0.9395334561080416,0.7464488203377431,0.8469039575507491,37424,3765,394,6122,0.0914079001675204,0.0604665438919582,0.9780829566429474,0.8877927543292341
leave_one_country_out,extreme_abs_151_h1,France,lightgbm,boosting,test,11583,0,0.0,1.0,1.0,0.0,0.0,0.0,1.0,11583,0,0,0,0.0,0.0,,
leave_one_country_out,extreme_abs_151_h1,France,logistic_regression,linear,validation,47705,6516,0.1365894560318624,0.90269363798344,0.895009946513013,0.5970783257355988,0.8844383057090239,0.712889658584859,0.8271548063248113,37300,3889,753,5763,0.0944184126829978,0.115561694290976,0.957560735945386,0.822555234720438
leave_one_country_out,extreme_abs_151_h1,France,logistic_regression,linear,test,11583,0,0.0,1.0,1.0,0.0,0.0,0.0,1.0,11583,0,0,0,0.0,0.0,,
leave_one_country_out,extreme_abs_151_h1,France,majority_class,baseline,validation,47705,6516,0.1365894560318624,0.8634105439681375,0.5,0.0,0.0,0.0,0.4633496073975746,41189,0,6516,0,0.0,1.0,0.5,0.1365894560318624
leave_one_country_out,extreme_abs_151_h1,France,majority_class,baseline,test,11583,0,0.0,1.0,1.0,0.0,0.0,0.0,1.0,11583,0,0,0,0.0,0.0,,
leave_one_country_out,extreme_abs_151_h1,France,random_forest,ensemble,validation,47705,6516,0.1365894560318624,0.920909757887014,0.9100805315376732,0.6537039112406141,0.8951810926949049,0.7556188872336291,0.8542196423138422,38099,3090,683,5833,0.0750200296195586,0.1048189073050951,0.9749017804568292,0.8780379459117504
leave_one_country_out,extreme_abs_151_h1,France,random_forest,ensemble,test,11583,0,0.0,1.0,1.0,0.0,0.0,0.0,1.0,11583,0,0,0,0.0,0.0,,
leave_one_country_out,extreme_abs_151_h1,France,xgboost,boosting,validation,47705,6516,0.1365894560318624,0.9452258673095064,0.8637010135389155,0.831268035987099,0.7515346838551259,0.7893930845490449,0.8789561473490378,40195,994,1619,4897,0.0241326567772949,0.2484653161448741,0.978040320532932,0.8906238278447683
leave_one_country_out,extreme_abs_151_h1,France,xgboost,boosting,test,11583,0,0.0,1.0,1.0,0.0,0.0,0.0,1.0,11583,0,0,0,0.0,0.0,,
leave_one_country_out,extreme_abs_151_h1,Germany,decision_tree,tree,validation,47877,6516,0.1360987530547026,0.8951688702299643,0.904224390125964,0.5716336491530289,0.9166666666666666,0.7041556145004421,0.8202269143590815,36885,4476,543,5973,0.1082178864147385,0.0833333333333333,0.9562866559244364,0.836516949312572
leave_one_country_out,extreme_abs_151_h1,Germany,decision_tree,tree,test,10439,0,0.0,0.9982756969058338,0.9982756969058338,0.0,0.0,0.0,0.499568552253116,10421,18,0,0,0.0017243030941661,0.0,,
leave_one_country_out,extreme_abs_151_h1,Germany,lightgbm,boosting,validation,47877,6516,0.1360987530547026,0.9136119639910604,0.9253712694893272,0.6203235591506572,0.9415285451197052,0.7478971108131172,0.8478861467762213,37606,3755,381,6135,0.0907860061410507,0.0584714548802946,0.9783520005893994,0.8911915848436724
leave_one_country_out,extreme_abs_151_h1,Germany,lightgbm,boosting,test,10439,0,0.0,0.9999042053836574,0.9999042053836574,0.0,0.0,0.0,0.4999760501987833,10438,1,0,0,9.579461634256155e-05,0.0,,
leave_one_country_out,extreme_abs_151_h1,Germany,logistic_regression,linear,validation,47877,6516,0.1360987530547026,0.9031685360402698,0.8940505337209014,0.5978351373855121,0.8815224063842848,0.712478293227487,0.8271295145655204,37497,3864,772,5744,0.093421338942482,0.1184775936157151,0.9582620460976122,0.8252880434853351
leave_one_country_out,extreme_abs_151_h1,Germany,logistic_regression,linear,test,10439,0,0.0,1.0,1.0,0.0,0.0,0.0,1.0,10439,0,0,0,0.0,0.0,,
leave_one_country_out,extreme_abs_151_h1,Germany,majority_class,baseline,validation,47877,6516,0.1360987530547026,0.8639012469452974,0.5,0.0,0.0,0.0,0.4634908895313656,41361,0,6516,0,0.0,1.0,0.5,0.1360987530547026
leave_one_country_out,extreme_abs_151_h1,Germany,majority_class,baseline,test,10439,0,0.0,1.0,1.0,0.0,0.0,0.0,1.0,10439,0,0,0,0.0,0.0,,
leave_one_country_out,extreme_abs_151_h1,Germany,random_forest,ensemble,validation,47877,6516,0.1360987530547026,0.9216534035131692,0.910761050246932,0.6551801548995398,0.8957949662369552,0.7568233387358185,0.8550639369176112,38289,3072,679,5837,0.0742728657430913,0.1042050337630448,0.9758216367351926,0.8823684527923848
leave_one_country_out,extreme_abs_151_h1,Germany,random_forest,ensemble,test,10439,0,0.0,1.0,1.0,0.0,0.0,0.0,1.0,10439,0,0,0,0.0,0.0,,
leave_one_country_out,extreme_abs_151_h1,Germany,xgboost,boosting,validation,47877,6516,0.1360987530547026,0.9450257952670384,0.8633922154583483,0.828818151032848,0.7512277470841007,0.7881178554178071,0.8782666750328607,40350,1011,1621,4895,0.024443316167404,0.2487722529158993,0.9782398185056106,0.8927458690248018
leave_one_country_out,extreme_abs_151_h1,Germany,xgboost,boosting,test,10439,0,0.0,1.0,1.0,0.0,0.0,0.0,1.0,10439,0,0,0,0.0,0.0,,
leave_one_country_out,extreme_abs_151_h1,India,decision_tree,tree,validation,46375,5405,0.1165498652291105,0.8969272237196766,0.901352583747906,0.5340376865265222,0.907123034227567,0.6722884958179076,0.8055675118156116,36692,4278,502,4903,0.1044178667317549,0.0928769657724329,0.9546797672627498,0.8199247465086574
leave_one_country_out,extreme_abs_151_h1,India,decision_tree,tree,test,20449,7406,0.3621692992322363,0.8046848256638467,0.8284796788304598,0.6682777668179128,0.914798811774237,0.77234382124943,0.8006619337470924,9680,3363,631,6775,0.2578394541133175,0.0852011882257628,0.9039506810901904,0.843786959526193
leave_one_country_out,extreme_abs_151_h1,India,lightgbm,boosting,validation,46375,5405,0.1165498652291105,0.9147816711590296,0.9236635773067408,0.5839205267413654,0.935245143385754,0.7189588963163135,0.8343676140792629,37368,3602,350,5055,0.0879179887722724,0.064754856614246,0.9775685871094956,0.8747765704837362
leave_one_country_out,extreme_abs_151_h1,India,lightgbm,boosting,test,20449,7406,0.3621692992322363,0.8354931781505208,0.860421113991571,0.7012547301334395,0.9508506616257087,0.807198532783127,0.8318721875003054,10043,3000,364,7042,0.2300084336425669,0.0491493383742911,0.9440679181010966,0.9005231398738986
leave_one_country_out,extreme_abs_151_h1,India,logistic_regression,linear,validation,46375,5405,0.1165498652291105,0.9028571428571428,0.8955541689424608,0.5518552661903664,0.8860314523589269,0.6801107718525883,0.811422032677791,37081,3889,616,4789,0.0949231144740053,0.113968547641073,0.9591174923913776,0.8119575411313329
leave_one_country_out,extreme_abs_151_h1,India,logistic_regression,linear,test,20449,7406,0.3621692992322363,0.8110910068952027,0.8406209832248714,0.6687946641257742,0.9477450715635972,0.7842019998882744,0.8081117839594436,9567,3476,387,7019,0.2665031051138541,0.0522549284364029,0.9286201467138682,0.869630201806686
leave_one_country_out,extreme_abs_151_h1,India,majority_class,baseline,validation,46375,5405,0.1165498652291105,0.8834501347708895,0.5,0.0,0.0,0.0,0.4690594767874521,40970,0,5405,0,0.0,1.0,0.5,0.1165498652291105
leave_one_country_out,extreme_abs_151_h1,India,majority_class,baseline,test,20449,7406,0.3621692992322363,0.6378307007677637,0.5,0.0,0.0,0.0,0.3894362832915323,13043,0,7406,0,0.0,1.0,0.5,0.3621692992322363
leave_one_country_out,extreme_abs_151_h1,India,random_forest,ensemble,validation,46375,5405,0.1165498652291105,0.9259083557951484,0.9112502955051384,0.6282736156351791,0.8921369102682701,0.7373088685015291,0.8470904829516557,38117,2853,583,4822,0.0696363192579936,0.1078630897317298,0.9748476345025362,0.867491837598239
leave_one_country_out,extreme_abs_151_h1,India,random_forest,ensemble,test,20449,7406,0.3621692992322363,0.847718714851582,0.8630604136644431,0.7303563761270931,0.9187145557655956,0.813778256189451,0.842486414659914,10531,2512,602,6804,0.1925937284367093,0.0812854442344045,0.9407638114432726,0.8929748760676951
leave_one_country_out,extreme_abs_151_h1,India,xgboost,boosting,validation,46375,5405,0.1165498652291105,0.950533692722372,0.8527541191779278,0.8289278917318672,0.7252543940795559,0.7736333135977896,0.8729331475512915,40161,809,1485,3920,0.0197461557237002,0.274745605920444,0.9775616823934482,0.8781156444844582
leave_one_country_out,extreme_abs_151_h1,India,xgboost,boosting,test,20449,7406,0.3621692992322363,0.8699691916475133,0.854913536270657,0.8339665118896862,0.8002970564407237,0.8167849514228622,0.8580039974093656,11863,1180,1479,5927,0.0904699838994096,0.1997029435592762,0.9475241524901462,0.9098797592433672
leave_one_country_out,extreme_abs_151_h1,Indonesia,decision_tree,tree,validation,47426,6281,0.1324379032598153,0.9063172099692152,0.9127536847301788,0.594372561100842,0.9215093138035344,0.7226418627879393,0.83314110822347,37195,3950,493,5788,0.0960019443431765,0.0784906861964655,0.9642445977370157,0.8469820899612013
leave_one_country_out,extreme_abs_151_h1,Indonesia,decision_tree,tree,test,13442,1568,0.1166493081386698,0.7865644993304568,0.6417222459979444,0.260933480338111,0.4528061224489796,0.3310795057122872,0.6020522556222423,9863,2011,858,710,0.1693616304530908,0.5471938775510204,0.6669920431537951,0.2360157723270568
leave_one_country_out,extreme_abs_151_h1,Indonesia,lightgbm,boosting,validation,47426,6281,0.1324379032598153,0.9198962594357526,0.9283367625753562,0.6330973830973831,0.9398185002388156,0.7565523870554309,0.8543068319115028,37724,3421,378,5903,0.083144975088103,0.0601814997611845,0.9803676595535894,0.8961283925060145
leave_one_country_out,extreme_abs_151_h1,Indonesia,lightgbm,boosting,test,13442,1568,0.1166493081386698,0.7934831126320488,0.6384423779617961,0.265527950310559,0.4362244897959184,0.3301158301158301,0.604020096236455,9982,1892,884,684,0.159339733872326,0.5637755102040817,0.6803712579018469,0.2174669291526259
leave_one_country_out,extreme_abs_151_h1,Indonesia,logistic_regression,linear,validation,47426,6281,0.1324379032598153,0.910639733479526,0.9054641874588588,0.6105160662122687,0.8984238178633975,0.7270033496521515,0.8367897950358378,37545,3600,638,5643,0.0874954429456799,0.1015761821366024,0.9644197464982484,0.8397938409426922
leave_one_country_out,extreme_abs_151_h1,Indonesia,logistic_regression,linear,test,13442,1568,0.1166493081386698,0.832614194316322,0.6412177996514422,0.3214659685863874,0.3915816326530612,0.3530764807360552,0.6284736415472124,10578,1296,954,614,0.1091460333501768,0.6084183673469388,0.6909144658368652,0.2730103632461933
leave_one_country_out,extreme_abs_151_h1,Indonesia,majority_class,baseline,validation,47426,6281,0.1324379032598153,0.8675620967401847,0.5,0.0,0.0,0.0,0.464542570367276,41145,0,6281,0,0.0,1.0,0.5,0.1324379032598153
leave_one_country_out,extreme_abs_151_h1,Indonesia,majority_class,baseline,test,13442,1568,0.1166493081386698,0.8833506918613302,0.5,0.0,0.0,0.0,0.4690314425659662,11874,0,1568,0,0.0,1.0,0.5,0.1166493081386698
leave_one_country_out,extreme_abs_151_h1,Indonesia,random_forest,ensemble,validation,47426,6281,0.1324379032598153,0.926411672922026,0.9179940955009224,0.6623240665348378,0.9065435440216526,0.7654254604113456,0.8608931388384784,38242,2903,587,5694,0.0705553530198079,0.0934564559783474,0.9778662002224224,0.887663894987722
leave_one_country_out,extreme_abs_151_h1,Indonesia,random_forest,ensemble,test,13442,1568,0.1166493081386698,0.8277042106829341,0.6423133806326977,0.313373253493014,0.4005102040816326,0.3516237402015677,0.6261378824549362,10498,1376,940,628,0.1158834428162371,0.5994897959183674,0.7051210327486225,0.2693545091141126
leave_one_country_out,extreme_abs_151_h1,Indonesia,xgboost,boosting,validation,47426,6281,0.1324379032598153,0.9491418209420992,0.8734217810586699,0.8330177311069031,0.770418723133259,0.8004962779156327,0.8856762339772697,40175,970,1442,4839,0.0235751610159193,0.2295812768667409,0.9802734896210216,0.8978655014177769
leave_one_country_out,extreme_abs_151_h1,Indonesia,xgboost,boosting,test,13442,1568,0.1166493081386698,0.8479392947478054,0.5308816553402563,0.2180094786729857,0.1173469387755102,0.1525704809286898,0.5345232267343678,11214,660,1384,184,0.0555836280949974,0.8826530612244898,0.6838444827147635,0.2098567506433415
leave_one_country_out,extreme_abs_151_h1,Japan,decision_tree,tree,validation,46054,6516,0.1414860815564337,0.8903895427107309,0.8998247088121952,0.5703739213806328,0.9129834254143646,0.7021125929422872,0.8174754976632354,35057,4481,567,5949,0.1133340077899742,0.0870165745856353,0.9581468776678804,0.84084445016066
leave_one_country_out,extreme_abs_151_h1,Japan,decision_tree,tree,test,22594,0,0.0,0.9986722138620872,0.9986722138620872,0.0,0.0,0.0,0.4996678329421143,22564,30,0,0,0.0013277861379127,0.0,,
leave_one_country_out,extreme_abs_151_h1,Japan,lightgbm,boosting,validation,46054,6516,0.1414860815564337,0.9110609284752682,0.9228869183389824,0.6231928324170231,0.9393799877225292,0.7492961194760681,0.8476188925214576,35837,3701,395,6121,0.0936061510445647,0.0606200122774708,0.977710011498368,0.892464463628649
leave_one_country_out,extreme_abs_151_h1,Japan,lightgbm,boosting,test,22594,0,0.0,1.0,1.0,0.0,0.0,0.0,1.0,22594,0,0,0,0.0,0.0,,
leave_one_country_out,extreme_abs_151_h1,Japan,logistic_regression,linear,validation,46054,6516,0.1414860815564337,0.9011595084031788,0.8946894683005534,0.6025266235122155,0.8856660527931246,0.7171616751584441,0.8286389847626356,35731,3807,745,5771,0.0962871161920178,0.1143339472068753,0.9581868245516252,0.829857256987726
leave_one_country_out,extreme_abs_151_h1,Japan,logistic_regression,linear,test,22594,0,0.0,1.0,1.0,0.0,0.0,0.0,1.0,22594,0,0,0,0.0,0.0,,
leave_one_country_out,extreme_abs_151_h1,Japan,majority_class,baseline,validation,46054,6516,0.1414860815564337,0.8585139184435663,0.5,0.0,0.0,0.0,0.4619356949247593,39538,0,6516,0,0.0,1.0,0.5,0.1414860815564337
leave_one_country_out,extreme_abs_151_h1,Japan,majority_class,baseline,test,22594,0,0.0,1.0,1.0,0.0,0.0,0.0,1.0,22594,0,0,0,0.0,0.0,,
leave_one_country_out,extreme_abs_151_h1,Japan,random_forest,ensemble,validation,46054,6516,0.1414860815564337,0.919941807443436,0.911588508103463,0.6589504438700977,0.899938612645795,0.7608173856633149,0.8563712969806672,36503,3035,652,5864,0.0767615964388689,0.100061387354205,0.9742295730232996,0.8822165089435199
leave_one_country_out,extreme_abs_151_h1,Japan,random_forest,ensemble,test,22594,0,0.0,1.0,1.0,0.0,0.0,0.0,1.0,22594,0,0,0,0.0,0.0,,
leave_one_country_out,extreme_abs_151_h1,Japan,xgboost,boosting,validation,46054,6516,0.1414860815564337,0.94404394840839,0.8657032346996391,0.8327420172326406,0.7564456721915286,0.7927623642943306,0.8802088276481506,38548,990,1587,4929,0.0250392027922504,0.2435543278084714,0.9773701165589632,0.8940998272619743
leave_one_country_out,extreme_abs_151_h1,Japan,xgboost,boosting,test,22594,0,0.0,1.0,1.0,0.0,0.0,0.0,1.0,22594,0,0,0,0.0,0.0,,
leave_one_country_out,extreme_abs_151_h1,Mexico,decision_tree,tree,validation,47555,6335,0.1332141730627694,0.8909893807170645,0.902183300801482,0.5549508259333524,0.9174427782162587,0.6915754402665397,0.8126851173900449,36559,4661,523,5812,0.1130761766132945,0.0825572217837411,0.9572676078883706,0.8358158159959796
leave_one_country_out,extreme_abs_151_h1,Mexico,decision_tree,tree,test,12584,1206,0.0958359821996185,0.8270820089001907,0.8283937726262927,0.3368102288021534,0.8300165837479271,0.47917663954045,0.6877541130050988,9407,1971,205,1001,0.1732290384953418,0.1699834162520729,0.8845481897945673,0.5341346722709888
leave_one_country_out,extreme_abs_151_h1,Mexico,lightgbm,boosting,validation,47555,6335,0.1332141730627694,0.9142887183261488,0.9257096596429272,0.616840798593152,0.9412786108918706,0.7452818397700287,0.8468786708078034,37516,3704,372,5963,0.0898592916060165,0.0587213891081294,0.9793344469604452,0.8912100606910014
leave_one_country_out,extreme_abs_151_h1,Mexico,lightgbm,boosting,test,12584,1206,0.0958359821996185,0.8732517482517482,0.8535548512782662,0.4185851820845542,0.8291873963515755,0.5563282336578581,0.7411966111505348,9989,1389,206,1000,0.122077693795043,0.1708126036484245,0.8869424337852542,0.5791668934594286
leave_one_country_out,extreme_abs_151_h1,Mexico,logistic_regression,linear,validation,47555,6335,0.1332141730627694,0.904699821259594,0.8966659735218687,0.5957107973245568,0.8857142857142857,0.7123270280563666,0.8276086473514355,37412,3808,724,5611,0.0923823386705482,0.1142857142857142,0.9592645503922012,0.8280565078311283
leave_one_country_out,extreme_abs_151_h1,Mexico,logistic_regression,linear,test,12584,1206,0.0958359821996185,0.8699936427209154,0.8573128673151498,0.4126016260162601,0.8416252072968491,0.5537370430987453,0.7388255488026514,9933,1445,191,1015,0.1269994726665494,0.1583747927031509,0.9145453082626942,0.5665108971029713
leave_one_country_out,extreme_abs_151_h1,Mexico,majority_class,baseline,validation,47555,6335,0.1332141730627694,0.8667858269372306,0.5,0.0,0.0,0.0,0.4643199098845396,41220,0,6335,0,0.0,1.0,0.5,0.1332141730627694
leave_one_country_out,extreme_abs_151_h1,Mexico,majority_class,baseline,test,12584,1206,0.0958359821996185,0.9041640178003816,0.5,0.0,0.0,0.0,0.4748351556631333,11378,0,1206,0,0.0,1.0,0.5,0.0958359821996185
leave_one_country_out,extreme_abs_151_h1,Mexico,random_forest,ensemble,validation,47555,6335,0.1332141730627694,0.9222374093155292,0.9117253676060886,0.6509790450017177,0.8973954222573007,0.7545792407751526,0.8541892480830362,38172,3048,650,5685,0.0739446870451237,0.1026045777426993,0.9766030390378384,0.8815189363337483
leave_one_country_out,extreme_abs_151_h1,Mexico,random_forest,ensemble,test,12584,1206,0.0958359821996185,0.905276541640178,0.8568091458101769,0.5036687631027253,0.796849087893864,0.6172125883108542,0.7815817181147996,10431,947,245,961,0.0832307962735102,0.2031509121061359,0.902472170698625,0.6067048220351441
leave_one_country_out,extreme_abs_151_h1,Mexico,xgboost,boosting,validation,47555,6335,0.1332141730627694,0.9463778782462412,0.8651329593415048,0.8278191581500086,0.7543804262036307,0.7893954410307235,0.8793366448786301,40226,994,1556,4779,0.024114507520621,0.2456195737963693,0.9792288247136376,0.8928545493092345
leave_one_country_out,extreme_abs_151_h1,Mexico,xgboost,boosting,test,12584,1206,0.0958359821996185,0.9242689129052766,0.7720550146670992,0.6095238095238096,0.5837479270315091,0.5963574756459128,0.77728602944395,10927,451,502,704,0.0396378976973105,0.4162520729684908,0.8890100458625605,0.5926322972669542
leave_one_country_out,extreme_abs_151_h1,Nigeria,decision_tree,tree,validation,47898,5913,0.1234498308906426,0.8990980834272829,0.9021227411616346,0.5560398505603985,0.9061390157280568,0.6891761528072545,0.8144748011410006,37707,4278,555,5358,0.1018935334047874,0.0938609842719431,0.954656798517973,0.8275346389952482
leave_one_country_out,extreme_abs_151_h1,Nigeria,decision_tree,tree,test,10296,4021,0.3905400155400155,0.7587412587412588,0.7874659630565032,0.631345069218937,0.9186769460333252,0.7483792544570502,0.7583314182733012,4118,2157,327,3694,0.3437450199203187,0.0813230539666749,0.8896956714301708,0.8384036001778954
leave_one_country_out,extreme_abs_151_h1,Nigeria,lightgbm,boosting,validation,47898,5913,0.1234498308906426,0.9155288321015492,0.9243542622038856,0.6014343148973161,0.9360730593607306,0.7323365969833289,0.8410939306185856,38317,3668,378,5535,0.0873645349529593,0.0639269406392694,0.9784292711950612,0.8807968842711761
leave_one_country_out,extreme_abs_151_h1,Nigeria,lightgbm,boosting,test,10296,4021,0.3905400155400155,0.7792346542346542,0.8073159934249572,0.6513157894736842,0.9355881621487192,0.7679902010819639,0.7787148782158314,4261,2014,259,3762,0.3209561752988047,0.0644118378512807,0.9195547677482064,0.8810828893431275
leave_one_country_out,extreme_abs_151_h1,Nigeria,logistic_regression,linear,validation,47898,5913,0.1234498308906426,0.9042131195457012,0.8942881862026175,0.5728422210005497,0.8811094199222053,0.6942963752665245,0.8187528813996632,38100,3885,703,5210,0.0925330475169703,0.1188905800777946,0.9580428781340392,0.8097182612840504
leave_one_country_out,extreme_abs_151_h1,Nigeria,logistic_regression,linear,test,10296,4021,0.3905400155400155,0.7998251748251748,0.822511119411932,0.6785714285714286,0.9261377766724695,0.7832579661373436,0.7986487430614535,4511,1764,297,3724,0.2811155378486056,0.0738622233275304,0.9197276053706092,0.8818606549031621
leave_one_country_out,extreme_abs_151_h1,Nigeria,majority_class,baseline,validation,47898,5913,0.1234498308906426,0.8765501691093573,0.5,0.0,0.0,0.0,0.4671072394112346,41985,0,5913,0,0.0,1.0,0.5,0.1234498308906426
leave_one_country_out,extreme_abs_151_h1,Nigeria,majority_class,baseline,test,10296,4021,0.3905400155400155,0.6094599844599845,0.5,0.0,0.0,0.0,0.3786735863858548,6275,0,4021,0,0.0,1.0,0.5,0.3905400155400155
leave_one_country_out,extreme_abs_151_h1,Nigeria,random_forest,ensemble,validation,47898,5913,0.1234498308906426,0.9241095661614264,0.9094879504149938,0.638094083414161,0.8900727211229494,0.7433090883412189,0.8493908092529883,39000,2985,650,5263,0.0710968202929617,0.1099272788770505,0.975261380526144,0.8701517682916616
leave_one_country_out,extreme_abs_151_h1,Nigeria,random_forest,ensemble,test,10296,4021,0.3905400155400155,0.7941919191919192,0.8142270014693773,0.6767001114827201,0.9057448395921412,0.7746463894501755,0.7926319801393339,4535,1740,379,3642,0.2772908366533864,0.0942551604078587,0.9095995822727492,0.8672387705191863
leave_one_country_out,extreme_abs_151_h1,Nigeria,xgboost,boosting,validation,47898,5913,0.1234498308906426,0.9474925884170528,0.8565688550433592,0.8203242835595776,0.7358362929139185,0.7757867522510475,0.8730256193537482,41032,953,1562,4351,0.0226985828272001,0.2641637070860815,0.9783976064672094,0.8842511028761149
leave_one_country_out,extreme_abs_151_h1,Nigeria,xgboost,boosting,test,10296,4021,0.3905400155400155,0.8471250971250971,0.8367943198605726,0.8134768127081732,0.7896045759761253,0.8013629480060576,0.8385564345334993,5547,728,846,3175,0.11601593625498,0.2103954240238746,0.9212135888180676,0.8860236767727272
leave_one_country_out,extreme_abs_151_h1,Pakistan,decision_tree,tree,validation,47748,5126,0.1073552818966239,0.886445505570914,0.8930598397186911,0.484483120150975,0.9014826375341396,0.6302509547190398,0.7815867798139934,37705,4917,505,4621,0.1153629580967575,0.0985173624658603,0.9489720843206912,0.7829210429182601
leave_one_country_out,extreme_abs_151_h1,Pakistan,decision_tree,tree,test,11297,9269,0.8204833141542003,0.8716473400017704,0.6889227532635667,0.8818989938458532,0.9739993526809796,0.9256638982877065,0.7280521563977391,819,1209,241,9028,0.5961538461538461,0.0260006473190203,0.8334887260731888,0.9522328616367944
leave_one_country_out,extreme_abs_151_h1,Pakistan,lightgbm,boosting,validation,47748,5126,0.1073552818966239,0.9071584150121472,0.9183057643274244,0.5390774782902898,0.9325009754194304,0.6831987422282569,0.8144040531503725,38535,4087,346,4780,0.0958894467645816,0.0674990245805696,0.9749544824099804,0.8428990428387823
leave_one_country_out,extreme_abs_151_h1,Pakistan,lightgbm,boosting,test,11297,9269,0.8204833141542003,0.8881118881118881,0.7220688066922828,0.8930570558774428,0.9811198619052756,0.9350195352662966,0.7663640006057773,939,1089,175,9094,0.5369822485207101,0.0188801380947243,0.900328670806359,0.9752723712138296
leave_one_country_out,extreme_abs_151_h1,Pakistan,logistic_regression,linear,validation,47748,5126,0.1073552818966239,0.8951788556588758,0.8851658537088174,0.5068570780913522,0.8724151385095591,0.641192917054986,0.7899086343279517,38271,4351,654,4472,0.1020834310919243,0.1275848614904408,0.9517275629684484,0.7579969392012895
leave_one_country_out,extreme_abs_151_h1,Pakistan,logistic_regression,linear,test,11297,9269,0.8204833141542003,0.881207400194742,0.6779919832029013,0.8767943720886016,0.9950372208436724,0.9321811198706288,0.7269601251527056,732,1296,46,9223,0.6390532544378699,0.0049627791563275,0.910178634088773,0.9777287589646898
leave_one_country_out,extreme_abs_151_h1,Pakistan,majority_class,baseline,validation,47748,5126,0.1073552818966239,0.8926447181033761,0.5,0.0,0.0,0.0,0.4716388181918778,42622,0,5126,0,0.0,1.0,0.5,0.1073552818966239
leave_one_country_out,extreme_abs_151_h1,Pakistan,majority_class,baseline,test,11297,9269,0.8204833141542003,0.1795166858457997,0.5,0.0,0.0,0.0,0.1521951219512195,2028,0,9269,0,0.0,1.0,0.5,0.8204833141542003
leave_one_country_out,extreme_abs_151_h1,Pakistan,random_forest,ensemble,validation,47748,5126,0.1073552818966239,0.9180698668007036,0.9027074706738416,0.5774234693877551,0.8831447522434647,0.6982878297084683,0.8254434422987997,39309,3313,599,4527,0.0777298108957815,0.1168552477565353,0.97156103112091,0.8308735527233048
leave_one_country_out,extreme_abs_151_h1,Pakistan,random_forest,ensemble,test,11297,9269,0.8204833141542003,0.8912100557670178,0.7170230379179565,0.89067055393586,0.9887798036465638,0.9371644767114884,0.7661110686687589,903,1125,104,9165,0.5547337278106509,0.0112201963534361,0.900593333209913,0.9740006523860508
leave_one_country_out,extreme_abs_151_h1,Pakistan,xgboost,boosting,validation,47748,5126,0.1073552818966239,0.94736952333082,0.8337373253831699,0.793529543922714,0.6890362856028092,0.7376005012007936,0.8541760114914686,41703,919,1594,3532,0.0215616348364694,0.3109637143971908,0.9747441042438356,0.8469811043878851
leave_one_country_out,extreme_abs_151_h1,Pakistan,xgboost,boosting,test,11297,9269,0.8204833141542003,0.7960520492166062,0.7925093570794294,0.9448205390215864,0.7980364656381487,0.865247397356416,0.7230167117786447,1596,432,1872,7397,0.2130177514792899,0.2019635343618513,0.8961048982387687,0.9741075934702252
leave_one_country_out,extreme_abs_151_h1,Philippines,decision_tree,tree,validation,46397,6495,0.1399874991917581,0.8904886091773175,0.9033967477440592,0.5669888194049649,0.9213240954580446,0.701976655522318,0.8174481600933261,35332,4570,511,5984,0.1145305999699263,0.0786759045419553,0.9588540114195868,0.8383116117042353
leave_one_country_out,extreme_abs_151_h1,Philippines,decision_tree,tree,test,20306,142,0.0069930069930069,0.935585541219344,0.6598889109303709,0.0423861852433281,0.380281690140845,0.0762711864406779,0.5214502171615575,18944,1220,88,54,0.0605038682801031,0.6197183098591549,0.8354615393212279,0.0374115372089926
leave_one_country_out,extreme_abs_151_h1,Philippines,lightgbm,boosting,validation,46397,6495,0.1399874991917581,0.9102959243054508,0.9241290391636569,0.6175788730974701,0.9433410315627404,0.7464668615984406,0.8459873651782299,36108,3794,368,6127,0.0950829532354268,0.0566589684372594,0.97865367533058,0.8920772944786612
leave_one_country_out,extreme_abs_151_h1,Philippines,lightgbm,boosting,test,20306,142,0.0069930069930069,0.954249975376736,0.6727831779408847,0.0613154960981047,0.3873239436619718,0.1058710298363811,0.5411977138922386,19322,842,87,55,0.0417575877802023,0.6126760563380281,0.9008266021441084,0.0558609582199524
leave_one_country_out,extreme_abs_151_h1,Philippines,logistic_regression,linear,validation,46397,6495,0.1399874991917581,0.9009634243593336,0.8969830588405797,0.5981404958677686,0.8914549653579676,0.715919629057187,0.8279737797330466,36012,3890,705,5790,0.0974888476768081,0.1085450346420323,0.960807396134386,0.8278251970823238
leave_one_country_out,extreme_abs_151_h1,Philippines,logistic_regression,linear,test,20306,142,0.0069930069930069,0.8973209888702847,0.8364163856377702,0.0508552935737401,0.7746478873239436,0.0954446854663774,0.5205079954859493,18111,2053,32,110,0.1018151160484031,0.2253521126760563,0.9015939018359312,0.0530227928290177
leave_one_country_out,extreme_abs_151_h1,Philippines,majority_class,baseline,validation,46397,6495,0.1399874991917581,0.8600125008082419,0.5,0.0,0.0,0.0,0.462369204741654,39902,0,6495,0,0.0,1.0,0.5,0.1399874991917581
leave_one_country_out,extreme_abs_151_h1,Philippines,majority_class,baseline,test,20306,142,0.0069930069930069,0.993006993006993,0.5,0.0,0.0,0.0,0.4982456140350877,20164,0,142,0,0.0,1.0,0.5,0.0069930069930069
leave_one_country_out,extreme_abs_151_h1,Philippines,random_forest,ensemble,validation,46397,6495,0.1399874991917581,0.919262021251374,0.9136800731461056,0.6524004878589644,0.905927636643572,0.7585406729405698,0.8550337940272208,36767,3135,611,5884,0.0785674903513608,0.094072363356428,0.9758121408227678,0.8818719376662267
leave_one_country_out,extreme_abs_151_h1,Philippines,random_forest,ensemble,test,20306,142,0.0069930069930069,0.984339604057914,0.5445844078555843,0.0686274509803921,0.0985915492957746,0.0809248554913294,0.5365136868724715,19974,190,128,14,0.0094227335846062,0.9014084507042254,0.8844374020357016,0.0503585225588501
leave_one_country_out,extreme_abs_151_h1,Philippines,xgboost,boosting,validation,46397,6495,0.1399874991917581,0.9444360626764662,0.8692138194311243,0.825494432441416,0.7647421093148575,0.793957800511509,0.8809229973136254,38852,1050,1528,4967,0.0263144704526088,0.2352578906851424,0.978540522818241,0.8939212008674114
leave_one_country_out,extreme_abs_151_h1,Philippines,xgboost,boosting,test,20306,142,0.0069930069930069,0.9907908992416036,0.5093731402499504,0.0588235294117647,0.0211267605633802,0.0310880829015544,0.5132307729384439,20116,48,139,3,0.0023804800634794,0.9788732394366196,0.8995179667570987,0.0508581025820805
leave_one_country_out,extreme_abs_151_h1,Russia,decision_tree,tree,validation,47641,6331,0.1328897378308599,0.8928863793791062,0.9031939164530324,0.5591180435201233,0.9172326646659296,0.694741879523838,0.814894646246995,36731,4579,524,5807,0.1108448317598644,0.0827673353340704,0.960074062756217,0.8334794404674878
leave_one_country_out,extreme_abs_151_h1,Russia,decision_tree,tree,test,12012,1231,0.1024808524808524,0.8898601398601399,0.8573281695518284,0.478116079923882,0.8164094232331438,0.603060306030603,0.7695597310927265,9684,1097,226,1005,0.101753084129487,0.1835905767668562,0.9230482727119218,0.7283562375253214
leave_one_country_out,extreme_abs_151_h1,Russia,lightgbm,boosting,validation,47641,6331,0.1328897378308599,0.9128481769904074,0.924935993886216,0.6118468329740273,0.941399462960038,0.741662518666003,0.8446224473143169,37529,3781,371,5960,0.0915274751876059,0.058600537039962,0.9787190334733652,0.8884606356508681
leave_one_country_out,extreme_abs_151_h1,Russia,lightgbm,boosting,test,12012,1231,0.1024808524808524,0.9211621711621713,0.8805229903587493,0.580773606370876,0.8294069861900893,0.6831716293074607,0.8190757124431289,10044,737,210,1021,0.0683610054725906,0.1705930138099106,0.9529426825828844,0.7937076138674342
leave_one_country_out,extreme_abs_151_h1,Russia,logistic_regression,linear,validation,47641,6331,0.1328897378308599,0.9023320249365042,0.8959346965003848,0.5877982419422353,0.8872216079608277,0.707119028136212,0.8242566612436208,37371,3939,714,5617,0.0953522149600581,0.1127783920391723,0.9591896009082732,0.8225277955859365
leave_one_country_out,extreme_abs_151_h1,Russia,logistic_regression,linear,test,12012,1231,0.1024808524808524,0.9230769230769232,0.9035372350385352,0.5826602046311254,0.8789601949634444,0.7007772020725389,0.8283213484569802,10006,775,149,1082,0.0718857248863741,0.1210398050365556,0.9435657595111776,0.8126729770572879
leave_one_country_out,extreme_abs_151_h1,Russia,majority_class,baseline,validation,47641,6331,0.1328897378308599,0.86711026216914,0.5,0.0,0.0,0.0,0.4644129914222437,41310,0,6331,0,0.0,1.0,0.5,0.1328897378308599
leave_one_country_out,extreme_abs_151_h1,Russia,majority_class,baseline,test,12012,1231,0.1024808524808524,0.8975191475191475,0.5,0.0,0.0,0.0,0.4729960952924143,10781,0,1231,0,0.0,1.0,0.5,0.1024808524808524
leave_one_country_out,extreme_abs_151_h1,Russia,random_forest,ensemble,validation,47641,6331,0.1328897378308599,0.9204676644067084,0.9117420414913402,0.6435833709896068,0.8998578423629758,0.7504445761707172,0.8515703074114426,38155,3155,634,5697,0.0763737593802953,0.1001421576370241,0.9760049979809478,0.8785559632980694
leave_one_country_out,extreme_abs_151_h1,Russia,random_forest,ensemble,test,12012,1231,0.1024808524808524,0.9393106893106892,0.8963901050159625,0.6596692111959288,0.8424045491470349,0.7399215126650018,0.8527843744466331,10246,535,194,1037,0.0496243391151099,0.157595450852965,0.9621938466075686,0.8126971640008517
leave_one_country_out,extreme_abs_151_h1,Russia,xgboost,boosting,validation,47641,6331,0.1328897378308599,0.9456980332066918,0.8646338017511401,0.8224250775060282,0.7542252408782183,0.7868501277086595,0.8778679046745835,40279,1031,1556,4775,0.024957637375938,0.2457747591217817,0.9785406720765256,0.8897826614302435
leave_one_country_out,extreme_abs_151_h1,Russia,xgboost,boosting,test,12012,1231,0.1024808524808524,0.9472194472194472,0.8166037507240187,0.7958374628344896,0.652315190901706,0.7169642857142857,0.843930178112376,10575,206,428,803,0.0191076894536684,0.3476848090982941,0.955695366528849,0.790890852305308
leave_one_country_out,extreme_abs_151_h1,Saudi Arabia,decision_tree,tree,validation,47834,6496,0.1358029853242463,0.8949491993142953,0.9013984266018432,0.5710284886528247,0.9102524630541872,0.7017981128716396,0.8190214158252916,36896,4442,583,5913,0.1074556098505007,0.0897475369458128,0.9575348377558832,0.8358489372596559
leave_one_country_out,extreme_abs_151_h1,Saudi Arabia,decision_tree,tree,test,10725,135,0.0125874125874125,0.8422377622377623,0.5142429965376141,0.0149532710280373,0.1777777777777777,0.0275862068965517,0.4708707290190521,9009,1581,111,24,0.1492917847025495,0.8222222222222222,0.4905403420417584,0.0138194720814559
leave_one_country_out,extreme_abs_151_h1,Saudi Arabia,lightgbm,boosting,validation,47834,6496,0.1358029853242463,0.911924572479826,0.9238705301506956,0.6149199637571731,0.9402709359605912,0.7435632113944853,0.8451974741458601,37513,3825,388,6108,0.0925298756591997,0.0597290640394088,0.978492717551117,0.8881592590966141
leave_one_country_out,extreme_abs_151_h1,Saudi Arabia,lightgbm,boosting,test,10725,135,0.0125874125874125,0.9585081585081584,0.5475238694785437,0.0494186046511627,0.1259259259259259,0.0709812108559499,0.5248807155800898,10263,327,118,17,0.0308781869688385,0.8740740740740741,0.6362879026335118,0.0249672372884303
leave_one_country_out,extreme_abs_151_h1,Saudi Arabia,logistic_regression,linear,validation,47834,6496,0.1358029853242463,0.9017435297069032,0.894106053376621,0.5927302767451467,0.8836206896551724,0.7095179233621756,0.8251947507310073,37394,3944,756,5740,0.0954085829019304,0.1163793103448275,0.9585976994413709,0.8201554500269467
leave_one_country_out,extreme_abs_151_h1,Saudi Arabia,logistic_regression,linear,test,10725,135,0.0125874125874125,0.9534731934731936,0.5303483370055608,0.0333333333333333,0.0962962962962963,0.0495238095238095,0.5128383683222393,10213,377,122,13,0.0355996222851746,0.9037037037037036,0.5767859266253978,0.0197168778760439
leave_one_country_out,extreme_abs_151_h1,Saudi Arabia,majority_class,baseline,validation,47834,6496,0.1358029853242463,0.8641970146757536,0.5,0.0,0.0,0.0,0.4635760104068541,41338,0,6496,0,0.0,1.0,0.5,0.1358029853242463
leave_one_country_out,extreme_abs_151_h1,Saudi Arabia,majority_class,baseline,test,10725,135,0.0125874125874125,0.9874125874125874,0.5,0.0,0.0,0.0,0.4968332160450387,10590,0,135,0,0.0,1.0,0.5,0.0125874125874125
leave_one_country_out,extreme_abs_151_h1,Saudi Arabia,random_forest,ensemble,validation,47834,6496,0.1358029853242463,0.9195342225195468,0.9095892488620188,0.6471700211275436,0.895935960591133,0.7515010652721286,0.8517479883289514,38165,3173,676,5820,0.0767574628670956,0.1040640394088669,0.97511564074563,0.8769104740806304
leave_one_country_out,extreme_abs_151_h1,Saudi Arabia,random_forest,ensemble,test,10725,135,0.0125874125874125,0.9756643356643356,0.5159899276046584,0.0434782608695652,0.0444444444444444,0.0439560439560439,0.5158156760366706,10458,132,129,6,0.0124645892351274,0.9555555555555556,0.625861574511244,0.0249503872439305
leave_one_country_out,extreme_abs_151_h1,Saudi Arabia,xgboost,boosting,validation,47834,6496,0.1358029853242463,0.9444955471003889,0.8627242588553287,0.8250126925029616,0.7504618226600985,0.7859733978234583,0.8770432426346313,40304,1034,1621,4875,0.0250133049494411,0.2495381773399014,0.97815461587604,0.8894440410080552
leave_one_country_out,extreme_abs_151_h1,Saudi Arabia,xgboost,boosting,test,10725,135,0.0125874125874125,0.9853613053613054,0.498961284230406,0.0,0.0,0.0,0.4963133424129995,10568,22,135,0,0.0020774315391879,1.0,0.6252481376560697,0.0247883192109361
leave_one_country_out,extreme_abs_151_h1,South Africa,decision_tree,tree,validation,47834,6507,0.1360329472759961,0.8879876238658695,0.9010566763585472,0.5531403200443992,0.9190102966036576,0.6906109250490818,0.8111127375724031,36496,4831,527,5980,0.1168969438865632,0.0809897033963424,0.9559944507179932,0.8321281361938511
leave_one_country_out,extreme_abs_151_h1,South Africa,decision_tree,tree,test,10725,61,0.0056876456876456,0.9723076923076924,0.5948825833507557,0.049618320610687,0.2131147540983606,0.0804953560371517,0.533218757679673,10415,249,48,13,0.0233495873968492,0.7868852459016393,0.7039787610837134,0.0368677175803328
leave_one_country_out,extreme_abs_151_h1,South Africa,lightgbm,boosting,validation,47834,6507,0.1360329472759961,0.9119663837437806,0.9228970315202708,0.6158425832492432,0.937913016751191,0.743497593957483,0.8451813088713359,37520,3807,404,6103,0.0921189537106492,0.0620869832488089,0.97754706975227,0.8862051644623663
leave_one_country_out,extreme_abs_151_h1,South Africa,lightgbm,boosting,test,10725,61,0.0056876456876456,0.9942191142191142,0.4999531132783196,0.0,0.0,0.0,0.4985505891153918,10663,1,61,0,9.37734433608402e-05,1.0,0.9093487511222068,0.0931014595537154
leave_one_country_out,extreme_abs_151_h1,South Africa,logistic_regression,linear,validation,47834,6507,0.1360329472759961,0.9023079817702888,0.8943889043603326,0.5948882450331126,0.8835100660826802,0.7110259105806691,0.8261219090873332,37412,3915,758,5749,0.0947322573620151,0.1164899339173198,0.957506078254402,0.819131129712539
leave_one_country_out,extreme_abs_151_h1,South Africa,logistic_regression,linear,test,10725,61,0.0056876456876456,0.993006993006993,0.5074934204862691,0.0625,0.0163934426229508,0.0259740259740259,0.5112324628536672,10649,15,60,1,0.0014066016504126,0.9836065573770492,0.8075984159974419,0.0503452749337761
leave_one_country_out,extreme_abs_151_h1,South Africa,majority_class,baseline,validation,47834,6507,0.1360329472759961,0.8639670527240039,0.5,0.0,0.0,0.0,0.4635098305312861,41327,0,6507,0,0.0,1.0,0.5,0.1360329472759961
leave_one_country_out,extreme_abs_151_h1,South Africa,majority_class,baseline,test,10725,61,0.0056876456876456,0.9943123543123544,0.5,0.0,0.0,0.0,0.4985740333816447,10664,0,61,0,0.0,1.0,0.5,0.0056876456876456
leave_one_country_out,extreme_abs_151_h1,South Africa,random_forest,ensemble,validation,47834,6507,0.1360329472759961,0.9199523351590918,0.9094557737395396,0.6492753623188405,0.8950361149531274,0.7526006331976481,0.8524260663712424,38181,3146,683,5824,0.0761245674740484,0.1049638850468726,0.9745445349976642,0.8753416317605549
leave_one_country_out,extreme_abs_151_h1,South Africa,random_forest,ensemble,test,10725,61,0.0056876456876456,0.993939393939394,0.5079622877030733,0.1666666666666666,0.0163934426229508,0.0298507462686567,0.5134054741491533,10659,5,60,1,0.0004688672168042,0.9836065573770492,0.9211303850552802,0.1094803634422665
leave_one_country_out,extreme_abs_151_h1,South Africa,xgboost,boosting,validation,47834,6507,0.1360329472759961,0.9439101894050256,0.8618161885473692,0.8227548953409858,0.7490394959274628,0.7841686107312364,0.8759676745403843,40277,1050,1633,4874,0.0254071188327243,0.2509605040725373,0.9773249045815772,0.887376476082561
leave_one_country_out,extreme_abs_151_h1,South Africa,xgboost,boosting,test,10725,61,0.0056876456876456,0.9943123543123544,0.5,0.0,0.0,0.0,0.4985740333816447,10664,0,61,0,0.0,1.0,0.9309243294430164,0.0968581608067342
leave_one_country_out,extreme_abs_151_h1,South Korea,decision_tree,tree,validation,47555,6497,0.1366207549153611,0.8933024918515403,0.8985635729925763,0.568763892915821,0.9058026781591504,0.6987651389218713,0.8169674722284209,36596,4462,612,5885,0.1086755321739977,0.0941973218408496,0.95766663343003,0.831006981189003
leave_one_country_out,extreme_abs_151_h1,South Korea,decision_tree,tree,test,12584,130,0.0103305785123966,0.9671010807374444,0.5951662116589047,0.0823529411764705,0.2153846153846154,0.1191489361702127,0.551193222640131,12142,312,102,28,0.0250521920668058,0.7846153846153846,0.7228116391397265,0.0459365285556331
leave_one_country_out,extreme_abs_151_h1,South Korea,lightgbm,boosting,validation,47555,6497,0.1366207549153611,0.9115760698138996,0.9210658125668272,0.6163924436319318,0.9341234415884254,0.742703298048094,0.844658998548594,37281,3777,428,6069,0.0919918164547713,0.0658765584115745,0.977121539017776,0.8838001595092031
leave_one_country_out,extreme_abs_151_h1,South Korea,lightgbm,boosting,test,12584,130,0.0103305785123966,0.9823585505403688,0.5381724747069214,0.0964912280701754,0.0846153846153846,0.0901639344262295,0.540628428455291,12351,103,119,11,0.0082704352015416,0.9153846153846154,0.8091067435856258,0.0539452960061039
leave_one_country_out,extreme_abs_151_h1,South Korea,logistic_regression,linear,validation,47555,6497,0.1366207549153611,0.9012301545578804,0.8935670954537687,0.5930328716146371,0.88302293366169,0.7095417723084534,0.8250200659006132,37121,3937,760,5737,0.0958887427541526,0.11697706633831,0.957047626375938,0.8192971206772433
leave_one_country_out,extreme_abs_151_h1,South Korea,logistic_regression,linear,test,12584,130,0.0103305785123966,0.9825969485060394,0.545904930142926,0.1130434782608695,0.1,0.1061224489795918,0.5486676924109932,12352,102,117,13,0.008190139714148,0.9,0.8293937073044186,0.0665471066529507
leave_one_country_out,extreme_abs_151_h1,South Korea,majority_class,baseline,validation,47555,6497,0.1366207549153611,0.8633792450846388,0.5,0.0,0.0,0.0,0.4633405933666618,41058,0,6497,0,0.0,1.0,0.5,0.1366207549153611
leave_one_country_out,extreme_abs_151_h1,South Korea,majority_class,baseline,test,12584,130,0.0103305785123966,0.9896694214876032,0.5,0.0,0.0,0.0,0.4974039460020768,12454,0,130,0,0.0,1.0,0.5,0.0103305785123966
leave_one_country_out,extreme_abs_151_h1,South Korea,random_forest,ensemble,validation,47555,6497,0.1366207549153611,0.917863526443066,0.9072809943501992,0.6438006438006438,0.8927197167923657,0.7480975106410421,0.8495148123025822,37849,3209,697,5800,0.0781577280919674,0.1072802832076342,0.9739807480774428,0.8740130898743914
leave_one_country_out,extreme_abs_151_h1,South Korea,random_forest,ensemble,test,12584,130,0.0103305785123966,0.9872059758423396,0.5444274931748836,0.2181818181818181,0.0923076923076923,0.1297297297297297,0.5616426737749237,12411,43,118,12,0.0034527059579251,0.9076923076923076,0.8883830959469309,0.1131013934459502
leave_one_country_out,extreme_abs_151_h1,South Korea,xgboost,boosting,validation,47555,6497,0.1366207549153611,0.9439385974135212,0.862718557596246,0.823182048253754,0.75096198245344,0.7854153251770766,0.8765864328761324,40010,1048,1618,4879,0.0255248672609479,0.2490380175465599,0.9770913070240274,0.8867044050583041
leave_one_country_out,extreme_abs_151_h1,South Korea,xgboost,boosting,test,12584,130,0.0103305785123966,0.9895899554990464,0.4999598522563032,0.0,0.0,0.0,0.4973838718696329,12453,1,130,0,8.029548739360848e-05,1.0,0.8164896048226705,0.0607239127022417
leave_one_country_out,extreme_abs_151_h1,Thailand,decision_tree,tree,validation,47963,6508,0.1356879261097095,0.8931259512540917,0.8984716008212932,0.566391237509608,0.9058082360172096,0.696973279735162,0.8160477080867938,36942,4513,613,5895,0.108865034374623,0.0941917639827904,0.9563604450497896,0.8276014969677429
leave_one_country_out,extreme_abs_151_h1,Thailand,decision_tree,tree,test,9867,51,0.005168744299179,0.9409141583054628,0.6777140562826598,0.0365853658536585,0.4117647058823529,0.0672,0.5183454079229682,9263,553,30,21,0.0563365933170334,0.5882352941176471,0.9255866772136728,0.0367616197752808
leave_one_country_out,extreme_abs_151_h1,Thailand,lightgbm,boosting,validation,47963,6508,0.1356879261097095,0.9116193732668932,0.9215404926973708,0.6145612440674543,0.9351567301782422,0.7416976418256048,0.8441934728652642,37638,3817,422,6086,0.0920757447835001,0.0648432698217578,0.9776268792731984,0.8868030438905303
leave_one_country_out,extreme_abs_151_h1,Thailand,lightgbm,boosting,test,9867,51,0.005168744299179,0.9583460018242628,0.6962282467999426,0.0544554455445544,0.4313725490196078,0.0967032967032967,0.5376923817921795,9434,382,29,22,0.0389160554197229,0.5686274509803921,0.916684644517954,0.0404175105576115
leave_one_country_out,extreme_abs_151_h1,Thailand,logistic_regression,linear,validation,47963,6508,0.1356879261097095,0.9011321226778976,0.8919631624163967,0.5912190082644628,0.879379225568531,0.7070669631826044,0.8237985998536113,37498,3957,785,5723,0.0954529007357375,0.1206207744314689,0.9575244170317604,0.8199560937238658
leave_one_country_out,extreme_abs_151_h1,Thailand,logistic_regression,linear,test,9867,51,0.005168744299179,0.963312050268572,0.6597122345270626,0.0518731988472622,0.3529411764705882,0.0904522613065326,0.5358653528295179,9487,329,33,18,0.0335167074164629,0.6470588235294118,0.920985346053662,0.0469894662852084
leave_one_country_out,extreme_abs_151_h1,Thailand,majority_class,baseline,validation,47963,6508,0.1356879261097095,0.8643120738902904,0.5,0.0,0.0,0.0,0.4636091167326489,41455,0,6508,0,0.0,1.0,0.5,0.1356879261097095
leave_one_country_out,extreme_abs_151_h1,Thailand,majority_class,baseline,test,9867,51,0.005168744299179,0.9948312557008208,0.5,0.0,0.0,0.0,0.4987044657826551,9816,0,51,0,0.0,1.0,0.5,0.005168744299179
leave_one_country_out,extreme_abs_151_h1,Thailand,random_forest,ensemble,validation,47963,6508,0.1356879261097095,0.9186456226674728,0.9084418205269492,0.6442009738822487,0.8944376152427781,0.7489706639217705,0.8502137288656649,38240,3215,687,5821,0.0775539741888795,0.1055623847572218,0.9747208616329036,0.876785796350837
leave_one_country_out,extreme_abs_151_h1,Thailand,random_forest,ensemble,test,9867,51,0.005168744299179,0.9723320158102768,0.5959747590967928,0.0450819672131147,0.2156862745098039,0.0745762711864406,0.5302661694426982,9583,233,40,11,0.0237367563162184,0.7843137254901961,0.950490995094044,0.050709321420856
leave_one_country_out,extreme_abs_151_h1,Thailand,xgboost,boosting,validation,47963,6508,0.1356879261097095,0.9443737881283488,0.8637395615701952,0.822039584032204,0.7530731407498463,0.786046511627907,0.8770387849550578,40394,1061,1607,4901,0.025594017609456,0.2469268592501536,0.9774906469548776,0.8882735372978254
leave_one_country_out,extreme_abs_151_h1,Thailand,xgboost,boosting,test,9867,51,0.005168744299179,0.993919124353907,0.499541564792176,0.0,0.0,0.0,0.4984751448612382,9807,9,51,0,0.0009168704156479,1.0,0.9262348786295284,0.0423447333827065
leave_one_country_out,extreme_abs_151_h1,Turkey,decision_tree,tree,validation,47855,6424,0.1342388465155156,0.8951833664193919,0.9077011864284968,0.5672140538476227,0.924813200498132,0.7031601372943543,0.8197575035555668,36898,4533,483,5941,0.1094108276411382,0.0751867995018679,0.9584952879538976,0.8346365338855593
leave_one_country_out,extreme_abs_151_h1,Turkey,decision_tree,tree,test,10582,611,0.0577395577395577,0.8429408429408429,0.6669981243478428,0.1762168823166974,0.4680851063829787,0.2560429722470904,0.5841229124309937,8634,1337,325,286,0.1340888576872931,0.5319148936170213,0.7516463045614608,0.1762409904157634
leave_one_country_out,extreme_abs_151_h1,Turkey,lightgbm,boosting,validation,47855,6424,0.1342388465155156,0.9145752794901264,0.926792314040542,0.6193541794400164,0.9434931506849316,0.7478099938309686,0.848194305091585,37706,3725,363,6061,0.0899085226038473,0.0565068493150684,0.9792746040596898,0.891388617933525
leave_one_country_out,extreme_abs_151_h1,Turkey,lightgbm,boosting,test,10582,611,0.0577395577395577,0.9010584010584012,0.6494418921254617,0.2528344671201814,0.3649754500818331,0.2987273945077026,0.6227509170189878,9312,659,388,223,0.0660916658309096,0.6350245499181669,0.8249017075870269,0.240138210987295
leave_one_country_out,extreme_abs_151_h1,Turkey,logistic_regression,linear,validation,47855,6424,0.1342388465155156,0.9033747779751332,0.8967141402081505,0.5937109537692629,0.8876089663760897,0.7115048664836536,0.8267370972813841,37529,3902,722,5702,0.0941806859597885,0.1123910336239103,0.9593718973643196,0.824362407211093
leave_one_country_out,extreme_abs_151_h1,Turkey,logistic_regression,linear,test,10582,611,0.0577395577395577,0.9106029106029108,0.622242801998135,0.2596843615494978,0.2962356792144026,0.2767584097859327,0.6145576899856335,9455,516,430,181,0.0517500752181325,0.7037643207855974,0.7846867207865166,0.2140456609486541
leave_one_country_out,extreme_abs_151_h1,Turkey,majority_class,baseline,validation,47855,6424,0.1342388465155156,0.8657611534844843,0.5,0.0,0.0,0.0,0.4640257151177116,41431,0,6424,0,0.0,1.0,0.5,0.1342388465155156
leave_one_country_out,extreme_abs_151_h1,Turkey,majority_class,baseline,test,10582,611,0.0577395577395577,0.9422604422604424,0.5,0.0,0.0,0.0,0.4851359898798228,9971,0,611,0,0.0,1.0,0.5,0.0577395577395577
leave_one_country_out,extreme_abs_151_h1,Turkey,random_forest,ensemble,validation,47855,6424,0.1342388465155156,0.9218054539755512,0.9133429467854745,0.6506064690026954,0.901774595267746,0.7558716075156576,0.854659448354878,38320,3111,631,5793,0.075088701696797,0.098225404732254,0.9767890106742616,0.8818021109765742
leave_one_country_out,extreme_abs_151_h1,Turkey,random_forest,ensemble,test,10582,611,0.0577395577395577,0.914949914949915,0.6283904173166012,0.2813918305597579,0.3044189852700491,0.2924528301886792,0.6236042554321639,9496,475,425,186,0.0476381506368468,0.6955810147299509,0.8231491620297883,0.2439130498355403
leave_one_country_out,extreme_abs_151_h1,Turkey,xgboost,boosting,validation,47855,6424,0.1342388465155156,0.94608713823007,0.8684409411912732,0.8230252100840336,0.7622976338729763,0.791498302893163,0.8802696467907305,40378,1053,1527,4897,0.0254157514904298,0.2377023661270236,0.9792685549016922,0.893663418094605
leave_one_country_out,extreme_abs_151_h1,Turkey,xgboost,boosting,test,10582,611,0.0577395577395577,0.9408429408429408,0.5269024852924545,0.4137931034482758,0.0589198036006546,0.1031518624641833,0.5362822734582228,9920,51,575,36,0.0051148330157456,0.9410801963993454,0.8292526231143968,0.239874394770868
leave_one_country_out,extreme_abs_151_h1,United Kingdom,decision_tree,tree,validation,47877,6516,0.1360987530547026,0.8933517137665268,0.9005868543346698,0.5674254016832441,0.9105279312461632,0.6991515437190667,0.8171698923439079,36838,4523,583,5933,0.1093542225768235,0.0894720687538367,0.9579786744656404,0.8321762841668241
leave_one_country_out,extreme_abs_151_h1,United Kingdom,decision_tree,tree,test,10439,1,9.579461634256155e-05,0.9947312961011592,0.4974132975665836,0.0,0.0,0.0,0.4986793449550977,10384,54,1,0,0.0051734048668327,1.0,0.8819218241042346,0.0005763688760806
leave_one_country_out,extreme_abs_151_h1,United Kingdom,lightgbm,boosting,validation,47877,6516,0.1360987530547026,0.910938446435658,0.9229188809771468,0.6127127127127127,0.9393799877225292,0.7416696958681691,0.8439319607949769,37492,3869,395,6121,0.0935422257682357,0.0606200122774708,0.9777857842109458,0.8874232306832478
leave_one_country_out,extreme_abs_151_h1,United Kingdom,lightgbm,boosting,test,10439,1,9.579461634256155e-05,0.9999042053836574,0.5,0.0,0.0,0.0,0.4999760501987833,10438,0,1,0,0.0,1.0,0.6244491281854762,0.0002550369803621
leave_one_country_out,extreme_abs_151_h1,United Kingdom,logistic_regression,linear,validation,47877,6516,0.1360987530547026,0.9007038870438833,0.8928180057075501,0.5905260994656802,0.8819828115408226,0.7074101427868045,0.8238079567102337,37376,3985,769,5747,0.0963468001257223,0.1180171884591774,0.95735791059715,0.8193675278949498
leave_one_country_out,extreme_abs_151_h1,United Kingdom,logistic_regression,linear,test,10439,1,9.579461634256155e-05,0.9998084107673147,0.4999520981030849,0.0,0.0,0.0,0.4999520981030849,10437,1,1,0,9.580379383023568e-05,1.0,0.7620233761256946,0.0004024144869215
leave_one_country_out,extreme_abs_151_h1,United Kingdom,majority_class,baseline,validation,47877,6516,0.1360987530547026,0.8639012469452974,0.5,0.0,0.0,0.0,0.4634908895313656,41361,0,6516,0,0.0,1.0,0.5,0.1360987530547026
leave_one_country_out,extreme_abs_151_h1,United Kingdom,majority_class,baseline,test,10439,1,9.579461634256155e-05,0.9999042053836574,0.5,0.0,0.0,0.0,0.4999760501987833,10438,0,1,0,0.0,1.0,0.5,9.579461634256155e-05
leave_one_country_out,extreme_abs_151_h1,United Kingdom,random_forest,ensemble,validation,47877,6516,0.1360987530547026,0.919710925914322,0.9101539668488696,0.6481481481481481,0.8970227133210559,0.7525428093214883,0.8523122922199563,38188,3173,671,5845,0.0767147796233166,0.1029772866789441,0.9748738699215306,0.8771784736494046
leave_one_country_out,extreme_abs_151_h1,United Kingdom,random_forest,ensemble,test,10439,1,9.579461634256155e-05,0.9999042053836574,0.5,0.0,0.0,0.0,0.4999760501987833,10438,0,1,0,0.0,1.0,0.8200804751868174,0.0005321979776476
leave_one_country_out,extreme_abs_151_h1,United Kingdom,xgboost,boosting,validation,47877,6516,0.1360987530547026,0.9440441130396642,0.8619190102347729,0.8237974683544304,0.7490791896869244,0.7846636122498192,0.8762538831116944,40317,1044,1635,4881,0.0252411692173786,0.2509208103130755,0.9776608232987992,0.8889556839413234
leave_one_country_out,extreme_abs_151_h1,United Kingdom,xgboost,boosting,test,10439,1,9.579461634256155e-05,0.9999042053836574,0.5,0.0,0.0,0.0,0.4999760501987833,10438,0,1,0,0.0,1.0,0.7920099635945583,0.0004604051565377
leave_one_country_out,extreme_abs_151_h1,United States,decision_tree,tree,validation,45260,6511,0.1438577110030932,0.8903888643393725,0.897140591980398,0.5755655226209049,0.9066195668868068,0.7041211904335898,0.8184280650146336,34396,4353,608,5903,0.1123383829260109,0.093380433113193,0.9557779641215588,0.834415966227918
leave_one_country_out,extreme_abs_151_h1,United States,decision_tree,tree,test,27885,35,0.0012551551013089,0.993006993006993,0.5541985124390869,0.0238095238095238,0.1142857142857142,0.0394088669950738,0.5179497949530771,27686,164,31,4,0.0058886894075403,0.8857142857142857,0.7436665811746601,0.0078557849519697
leave_one_country_out,extreme_abs_151_h1,United States,lightgbm,boosting,validation,45260,6511,0.1438577110030932,0.9086831639416704,0.9193248595643526,0.6214752758479771,0.9342650898479496,0.7464261611141788,0.8453705562041435,35044,3705,428,6083,0.0956153707192443,0.0657349101520503,0.9760888474174644,0.884285815904739
leave_one_country_out,extreme_abs_151_h1,United States,lightgbm,boosting,test,27885,35,0.0012551551013089,0.9986731217500447,0.4999640933572711,0.0,0.0,0.0,0.4996680602156712,27848,2,35,0,7.181328545780969e-05,1.0,0.9581154142087714,0.0483778993026164
leave_one_country_out,extreme_abs_151_h1,United States,logistic_regression,linear,validation,45260,6511,0.1438577110030932,0.8983870967741936,0.890631007172924,0.6001676445934618,0.8797419751190293,0.7135471815633759,0.8258933114558302,34933,3816,783,5728,0.0984799607731812,0.1202580248809706,0.9559971601310324,0.821000646021234
leave_one_country_out,extreme_abs_151_h1,United States,logistic_regression,linear,test,27885,35,0.0012551551013089,0.9985655370270756,0.4999102333931777,0.0,0.0,0.0,0.4996411268616544,27845,5,35,0,0.0001795332136445,1.0,0.8816527314696075,0.0100744689624088
leave_one_country_out,extreme_abs_151_h1,United States,majority_class,baseline,validation,45260,6511,0.1438577110030932,0.8561422889969068,0.5,0.0,0.0,0.0,0.4612481995976621,38749,0,6511,0,0.0,1.0,0.5,0.1438577110030932
leave_one_country_out,extreme_abs_151_h1,United States,majority_class,baseline,test,27885,35,0.0012551551013089,0.9987448448986912,0.5,0.0,0.0,0.0,0.4996860141742172,27850,0,35,0,0.0,1.0,0.5,0.0012551551013089
leave_one_country_out,extreme_abs_151_h1,United States,random_forest,ensemble,validation,45260,6511,0.1438577110030932,0.917764030048608,0.907058593084654,0.6579811940636683,0.8920288742128706,0.7573347242143695,0.8539140966979113,35730,3019,703,5808,0.0779116880435624,0.1079711257871294,0.972975449163052,0.8752050174961851
leave_one_country_out,extreme_abs_151_h1,United States,random_forest,ensemble,test,27885,35,0.0012551551013089,0.9985296754527524,0.528427802000513,0.2,0.0571428571428571,0.0888888888888888,0.5440765664722595,27842,8,33,2,0.0002872531418312,0.9428571428571428,0.8921610669402411,0.0331794041642233
leave_one_country_out,extreme_abs_151_h1,United States,xgboost,boosting,validation,45260,6511,0.1438577110030932,0.9415598762704376,0.8638384587956073,0.824220060382422,0.7547227768391952,0.7879419546219835,0.8770260595050543,37701,1048,1597,4914,0.0270458592479805,0.2452772231608048,0.9761039824932696,0.8868220395539033
leave_one_country_out,extreme_abs_151_h1,United States,xgboost,boosting,test,27885,35,0.0012551551013089,0.9987448448986912,0.5,0.0,0.0,0.0,0.4996860141742172,27850,0,35,0,0.0,1.0,0.9598789433187996,0.0318017454256293
leave_one_country_out,extreme_abs_151_h1,Vietnam,decision_tree,tree,validation,47813,6390,0.1336456612218434,0.8965971597682638,0.9050508424912078,0.5704129333852747,0.9165884194053208,0.7032056669468123,0.8202990142048416,37012,4411,533,5857,0.1064867344229051,0.0834115805946791,0.9585417342213508,0.8331483440999015
leave_one_country_out,extreme_abs_151_h1,Vietnam,decision_tree,tree,test,10868,838,0.0771071034228929,0.7856091277143908,0.6913719462138643,0.1972402597402597,0.5799522673031027,0.2943670502725621,0.5839850874667574,8052,1978,352,486,0.1972083748753738,0.4200477326968974,0.758035559193541,0.305750171621867
leave_one_country_out,extreme_abs_151_h1,Vietnam,lightgbm,boosting,validation,47813,6390,0.1336456612218434,0.9146884738460253,0.926808112810854,0.6185736275012828,0.9433489827856024,0.747195537651069,0.8479407762100183,37706,3717,362,6028,0.0897327571638944,0.0566510172143975,0.9791557629958968,0.891328471073632
leave_one_country_out,extreme_abs_151_h1,Vietnam,lightgbm,boosting,test,10868,838,0.0771071034228929,0.8923444976076556,0.7169367791613227,0.3600337268128162,0.5095465393794749,0.4219367588932806,0.6812910255505364,9271,759,411,427,0.0756729810568295,0.4904534606205251,0.8334246663351235,0.3899415026486187
leave_one_country_out,extreme_abs_151_h1,Vietnam,logistic_regression,linear,validation,47813,6390,0.1336456612218434,0.9043147261205112,0.8965342619412975,0.5954559798043547,0.8859154929577465,0.712209850915267,0.8274139848964825,37577,3846,729,5661,0.0928469690751514,0.1140845070422535,0.9598482271742992,0.8229809616636365
leave_one_country_out,extreme_abs_151_h1,Vietnam,logistic_regression,linear,test,10868,838,0.0771071034228929,0.8145012881854987,0.7103058366666111,0.2275670675300647,0.5871121718377088,0.328,0.610199829205807,8360,1670,346,492,0.1665004985044865,0.4128878281622912,0.7956075687020085,0.33959414186401
leave_one_country_out,extreme_abs_151_h1,Vietnam,majority_class,baseline,validation,47813,6390,0.1336456612218434,0.8663543387781566,0.5,0.0,0.0,0.0,0.4641960643686404,41423,0,6390,0,0.0,1.0,0.5,0.1336456612218434
leave_one_country_out,extreme_abs_151_h1,Vietnam,majority_class,baseline,test,10868,838,0.0771071034228929,0.9228928965771072,0.5,0.0,0.0,0.0,0.4799502344721983,10030,0,838,0,0.0,1.0,0.5,0.0771071034228929
leave_one_country_out,extreme_abs_151_h1,Vietnam,random_forest,ensemble,validation,47813,6390,0.1336456612218434,0.921276640244285,0.9133382367502998,0.6473955994611585,0.9025039123630672,0.7539547653288011,0.8535484413238966,38282,3141,623,5767,0.0758274388624677,0.0974960876369327,0.9761214512043898,0.8801825130919531
leave_one_country_out,extreme_abs_151_h1,Vietnam,random_forest,ensemble,test,10868,838,0.0771071034228929,0.8986934118513066,0.7001445544036149,0.37392138063279,0.4653937947494033,0.4146730462519936,0.679610509527407,9377,653,448,390,0.0651046859421734,0.5346062052505967,0.807112909481579,0.371725966142692
leave_one_country_out,extreme_abs_151_h1,Vietnam,xgboost,boosting,validation,47813,6390,0.1336456612218434,0.9464999058833372,0.8685348915764555,0.8243060257278266,0.7621283255086072,0.7919986989754432,0.8806503671528522,40385,1038,1520,4870,0.0250585423556961,0.2378716744913928,0.9789581963585962,0.8928558326853625
leave_one_country_out,extreme_abs_151_h1,Vietnam,xgboost,boosting,test,10868,838,0.0771071034228929,0.9228928965771072,0.5688978410829564,0.5,0.1503579952267303,0.2311926605504587,0.5953018422388059,9904,126,712,126,0.0125623130608175,0.8496420047732697,0.8285185017739146,0.3519898955785218
